-- Dump of table `ashraya_levels`
DELETE FROM `ashraya_levels`;
INSERT INTO `ashraya_levels` (`ashraya_level_id`, `name`, `display_ordinal`, `active`, `created_by`, `created_on`, `modified_by`, `modified_on`) VALUES
(1, 'Level-1-(1R)-Shraddhavan', 0, 1, NULL, '2025-11-20 07:22:17', NULL, '2025-11-20 07:22:17'),
(2, 'Level-2-(4R)-Sevaka', 1, 1, NULL, '2025-11-20 07:22:17', NULL, '2025-11-20 07:22:17'),
(3, 'Level-3-(8R)-Sadhaka', 2, 1, NULL, '2025-11-20 07:22:17', NULL, '2025-11-20 07:22:17'),
(4, 'Level-4-(12R)-Upasaka', 3, 1, NULL, '2025-11-20 07:22:17', NULL, '2025-11-20 07:22:17'),
(5, 'Level-5-(16R)-Charanashraya', 4, 1, NULL, '2025-11-20 07:22:17', NULL, '2025-11-20 07:22:17'),
(6, 'HARINAM', 5, 1, NULL, '2025-11-20 07:22:17', NULL, '2025-11-20 07:22:17');

-- Dump of table `countries`
DELETE FROM `countries`;
INSERT INTO `countries` (`country_id`, `name`, `display_ordinal`, `active`) VALUES
(1, 'Afghanistan', 100, 1),
(2, 'Aland Islands', 100, 1),
(3, 'Albania', 100, 1),
(4, 'Algeria', 100, 1),
(5, 'American Samoa', 100, 1),
(6, 'Andorra', 100, 1),
(7, 'Angola', 100, 1),
(8, 'Anguilla', 100, 1),
(9, 'Antarctica', 100, 1),
(10, 'Antigua and Barbuda', 100, 1),
(11, 'Argentina', 100, 1),
(12, 'Armenia', 100, 1),
(13, 'Aruba', 100, 1),
(14, 'Australia', 100, 1),
(15, 'Austria', 100, 1),
(16, 'Azerbaijan', 100, 1),
(17, 'The Bahamas', 100, 1),
(18, 'Bahrain', 100, 1),
(19, 'Bangladesh', 100, 1),
(20, 'Barbados', 100, 1),
(21, 'Belarus', 100, 1),
(22, 'Belgium', 100, 1),
(23, 'Belize', 100, 1),
(24, 'Benin', 100, 1),
(25, 'Bermuda', 100, 1),
(26, 'Bhutan', 100, 1),
(27, 'Bolivia', 100, 1),
(28, 'Bosnia and Herzegovina', 100, 1),
(29, 'Botswana', 100, 1),
(30, 'Bouvet Island', 100, 1),
(31, 'Brazil', 100, 1),
(32, 'British Indian Ocean Territory', 100, 1),
(33, 'Brunei', 100, 1),
(34, 'Bulgaria', 100, 1),
(35, 'Burkina Faso', 100, 1),
(36, 'Burundi', 100, 1),
(37, 'Cambodia', 100, 1),
(38, 'Cameroon', 100, 1),
(39, 'Canada', 100, 1),
(40, 'Cape Verde', 100, 1),
(41, 'Cayman Islands', 100, 1),
(42, 'Central African Republic', 100, 1),
(43, 'Chad', 100, 1),
(44, 'Chile', 100, 1),
(45, 'China', 100, 1),
(46, 'Christmas Island', 100, 1),
(47, 'Cocos (Keeling) Islands', 100, 1),
(48, 'Colombia', 100, 1),
(49, 'Comoros', 100, 1),
(50, 'Congo', 100, 1),
(51, 'Democratic Republic of the Congo', 100, 1),
(52, 'Cook Islands', 100, 1),
(53, 'Costa Rica', 100, 1),
(54, 'Cote D''Ivoire (Ivory Coast)', 100, 1),
(55, 'Croatia', 100, 1),
(56, 'Cuba', 100, 1),
(57, 'Cyprus', 100, 1),
(58, 'Czech Republic', 100, 1),
(59, 'Denmark', 100, 1),
(60, 'Djibouti', 100, 1),
(61, 'Dominica', 100, 1),
(62, 'Dominican Republic', 100, 1),
(63, 'Timor-Leste', 100, 1),
(64, 'Ecuador', 100, 1),
(65, 'Egypt', 100, 1),
(66, 'El Salvador', 100, 1),
(67, 'Equatorial Guinea', 100, 1),
(68, 'Eritrea', 100, 1),
(69, 'Estonia', 100, 1),
(70, 'Ethiopia', 100, 1),
(71, 'Falkland Islands', 100, 1),
(72, 'Faroe Islands', 100, 1),
(73, 'Fiji Islands', 100, 1),
(74, 'Finland', 100, 1),
(75, 'France', 100, 1),
(76, 'French Guiana', 100, 1),
(77, 'French Polynesia', 100, 1),
(78, 'French Southern Territories', 100, 1),
(79, 'Gabon', 100, 1),
(80, 'Gambia The', 100, 1),
(81, 'Georgia', 100, 1),
(82, 'Germany', 100, 1),
(83, 'Ghana', 100, 1),
(84, 'Gibraltar', 100, 1),
(85, 'Greece', 100, 1),
(86, 'Greenland', 100, 1),
(87, 'Grenada', 100, 1),
(88, 'Guadeloupe', 100, 1),
(89, 'Guam', 100, 1),
(90, 'Guatemala', 100, 1),
(91, 'Guernsey and Alderney', 100, 1),
(92, 'Guinea', 100, 1),
(93, 'Guinea-Bissau', 100, 1),
(94, 'Guyana', 100, 1),
(95, 'Haiti', 100, 1),
(96, 'Heard Island and McDonald Islands', 100, 1),
(97, 'Honduras', 100, 1),
(98, 'Hong Kong S.A.R.', 100, 1),
(99, 'Hungary', 100, 1),
(100, 'Iceland', 100, 1),
(101, 'India', 1, 1),
(102, 'Indonesia', 100, 1),
(103, 'Iran', 100, 1),
(104, 'Iraq', 100, 1),
(105, 'Ireland', 100, 1),
(106, 'Israel', 100, 1),
(107, 'Italy', 100, 1),
(108, 'Jamaica', 100, 1),
(109, 'Japan', 100, 1),
(110, 'Jersey', 100, 1),
(111, 'Jordan', 100, 1),
(112, 'Kazakhstan', 100, 1),
(113, 'Kenya', 100, 1),
(114, 'Kiribati', 100, 1),
(115, 'North Korea', 100, 1),
(116, 'South Korea', 100, 1),
(117, 'Kuwait', 100, 1),
(118, 'Kyrgyzstan', 100, 1),
(119, 'Laos', 100, 1),
(120, 'Latvia', 100, 1),
(121, 'Lebanon', 100, 1),
(122, 'Lesotho', 100, 1),
(123, 'Liberia', 100, 1),
(124, 'Libya', 100, 1),
(125, 'Liechtenstein', 100, 1),
(126, 'Lithuania', 100, 1),
(127, 'Luxembourg', 100, 1),
(128, 'Macau S.A.R.', 100, 1),
(129, 'North Macedonia', 100, 1),
(130, 'Madagascar', 100, 1),
(131, 'Malawi', 100, 1),
(132, 'Malaysia', 100, 1),
(133, 'Maldives', 100, 1),
(134, 'Mali', 100, 1),
(135, 'Malta', 100, 1),
(136, 'Man (Isle of)', 100, 1),
(137, 'Marshall Islands', 100, 1),
(138, 'Martinique', 100, 1),
(139, 'Mauritania', 100, 1),
(140, 'Mauritius', 100, 1),
(141, 'Mayotte', 100, 1),
(142, 'Mexico', 100, 1),
(143, 'Micronesia', 100, 1),
(144, 'Moldova', 100, 1),
(145, 'Monaco', 100, 1),
(146, 'Mongolia', 100, 1),
(147, 'Montenegro', 100, 1),
(148, 'Montserrat', 100, 1),
(149, 'Morocco', 100, 1),
(150, 'Mozambique', 100, 1),
(151, 'Myanmar', 100, 1),
(152, 'Namibia', 100, 1),
(153, 'Nauru', 100, 1),
(154, 'Nepal', 100, 1),
(155, 'Bonaire, Sint Eustatius and Saba', 100, 1),
(156, 'Netherlands', 100, 1),
(157, 'New Caledonia', 100, 1),
(158, 'New Zealand', 100, 1),
(159, 'Nicaragua', 100, 1),
(160, 'Niger', 100, 1),
(161, 'Nigeria', 100, 1),
(162, 'Niue', 100, 1),
(163, 'Norfolk Island', 100, 1),
(164, 'Northern Mariana Islands', 100, 1),
(165, 'Norway', 100, 1),
(166, 'Oman', 100, 1),
(167, 'Pakistan', 100, 1),
(168, 'Palau', 100, 1),
(169, 'Palestinian Territory Occupied', 100, 1),
(170, 'Panama', 100, 1),
(171, 'Papua New Guinea', 100, 1),
(172, 'Paraguay', 100, 1),
(173, 'Peru', 100, 1),
(174, 'Philippines', 100, 1),
(175, 'Pitcairn Island', 100, 1),
(176, 'Poland', 100, 1),
(177, 'Portugal', 100, 1),
(178, 'Puerto Rico', 100, 1),
(179, 'Qatar', 100, 1),
(180, 'Reunion', 100, 1),
(181, 'Romania', 100, 1),
(182, 'Russia', 100, 1),
(183, 'Rwanda', 100, 1),
(184, 'Saint Helena', 100, 1),
(185, 'Saint Kitts and Nevis', 100, 1),
(186, 'Saint Lucia', 100, 1),
(187, 'Saint Pierre and Miquelon', 100, 1),
(188, 'Saint Vincent and the Grenadines', 100, 1),
(189, 'Saint-Barthelemy', 100, 1),
(190, 'Saint-Martin (French part)', 100, 1),
(191, 'Samoa', 100, 1),
(192, 'San Marino', 100, 1),
(193, 'Sao Tome and Principe', 100, 1),
(194, 'Saudi Arabia', 100, 1),
(195, 'Senegal', 100, 1),
(196, 'Serbia', 100, 1),
(197, 'Seychelles', 100, 1),
(198, 'Sierra Leone', 100, 1),
(199, 'Singapore', 100, 1),
(200, 'Slovakia', 100, 1),
(201, 'Slovenia', 100, 1),
(202, 'Solomon Islands', 100, 1),
(203, 'Somalia', 100, 1),
(204, 'South Africa', 100, 1),
(205, 'South Georgia', 100, 1),
(206, 'South Sudan', 100, 1),
(207, 'Spain', 100, 1),
(208, 'Sri Lanka', 100, 1),
(209, 'Sudan', 100, 1),
(210, 'Suriname', 100, 1),
(211, 'Svalbard and Jan Mayen Islands', 100, 1),
(212, 'Eswatini', 100, 1),
(213, 'Sweden', 100, 1),
(214, 'Switzerland', 100, 1),
(215, 'Syria', 100, 1),
(216, 'Taiwan', 100, 1),
(217, 'Tajikistan', 100, 1),
(218, 'Tanzania', 100, 1),
(219, 'Thailand', 100, 1),
(220, 'Togo', 100, 1),
(221, 'Tokelau', 100, 1),
(222, 'Tonga', 100, 1),
(223, 'Trinidad and Tobago', 100, 1),
(224, 'Tunisia', 100, 1),
(225, 'Turkey', 100, 1),
(226, 'Turkmenistan', 100, 1),
(227, 'Turks and Caicos Islands', 100, 1),
(228, 'Tuvalu', 100, 1),
(229, 'Uganda', 100, 1),
(230, 'Ukraine', 100, 1),
(231, 'United Arab Emirates', 100, 1),
(232, 'United Kingdom', 100, 1),
(233, 'United States', 100, 1),
(234, 'United States Minor Outlying Islands', 100, 1),
(235, 'Uruguay', 100, 1),
(236, 'Uzbekistan', 100, 1),
(237, 'Vanuatu', 100, 1),
(238, 'Vatican City State (Holy See)', 100, 1),
(239, 'Venezuela', 100, 1),
(240, 'Vietnam', 100, 1),
(241, 'Virgin Islands (British)', 100, 1),
(242, 'Virgin Islands (US)', 100, 1),
(243, 'Wallis and Futuna Islands', 100, 1),
(244, 'Western Sahara', 100, 1),
(245, 'Yemen', 100, 1),
(246, 'Zambia', 100, 1),
(247, 'Zimbabwe', 100, 1),
(248, 'Kosovo', 100, 1),
(249, 'Curaçao', 100, 1),
(250, 'Sint Maarten (Dutch part)', 100, 1);

-- Dump of table `states`
DELETE FROM `states`;
INSERT INTO `states` (`state_id`, `country_id`, `name`, `active`) VALUES
(4006, 101, 'Meghalaya', 1),
(4007, 101, 'Haryana', 1),
(4008, 101, 'Maharashtra', 1),
(4009, 101, 'Goa', 1),
(4010, 101, 'Manipur', 1),
(4011, 101, 'Puducherry', 1),
(4012, 101, 'Telangana', 1),
(4013, 101, 'Odisha', 1),
(4014, 101, 'Rajasthan', 1),
(4015, 101, 'Punjab', 1),
(4016, 101, 'Uttarakhand', 1),
(4017, 101, 'Andhra Pradesh', 1),
(4018, 101, 'Nagaland', 1),
(4019, 101, 'Lakshadweep', 1),
(4020, 101, 'Himachal Pradesh', 1),
(4021, 101, 'Delhi', 1),
(4022, 101, 'Uttar Pradesh', 1),
(4023, 101, 'Andaman and Nicobar Islands', 1),
(4024, 101, 'Arunachal Pradesh', 1),
(4025, 101, 'Jharkhand', 1),
(4026, 101, 'Karnataka', 1),
(4027, 101, 'Assam', 1),
(4028, 101, 'Kerala', 1),
(4029, 101, 'Jammu and Kashmir', 1),
(4030, 101, 'Gujarat', 1),
(4031, 101, 'Chandigarh', 1),
(4033, 101, 'Dadra and Nagar Haveli and Daman and Diu', 1),
(4034, 101, 'Sikkim', 1),
(4035, 101, 'Tamil Nadu', 1),
(4036, 101, 'Mizoram', 1),
(4037, 101, 'Bihar', 1),
(4038, 101, 'Tripura', 1),
(4039, 101, 'Madhya Pradesh', 1),
(4040, 101, 'Chhattisgarh', 1),
(4852, 101, 'Ladakh', 1),
(4853, 101, 'West Bengal', 1);

-- Dump of table `categories`
DELETE FROM `categories`;
INSERT INTO `categories` (`category_id`, `name`, `active`, `created_by`, `created_on`, `modified_by`, `modified_on`) VALUES
(1, 'heaviest', 1, NULL, '2025-02-15 07:04:45', NULL, '2025-04-14 11:43:18'),
(2, 'lighter', 1, NULL, '2025-02-15 07:04:57', NULL, '2025-04-01 11:09:43'),
(3, 'medium', 0, NULL, '2025-03-28 06:55:04', NULL, '2025-03-28 06:55:04'),
(4, 'VIP', 1, NULL, '2025-04-01 11:09:27', NULL, '2025-04-01 11:10:03'),
(5, 'non-VIP', 0, NULL, '2025-04-14 12:57:23', NULL, '2025-04-14 12:57:23'),
(6, 'cooler', 0, NULL, '2025-04-14 12:58:52', NULL, '2025-04-14 16:09:29'),
(7, 'striking', 0, NULL, '2025-04-14 13:10:56', NULL, '2025-04-14 13:10:56'),
(8, 'dull', 0, NULL, '2025-04-14 13:17:08', NULL, '2025-04-15 04:59:21'),
(9, 'astute', 0, NULL, '2025-04-14 16:12:01', NULL, '2025-04-14 16:12:01'),
(10, 'intrepid', 0, NULL, '2025-04-14 16:44:51', NULL, '2025-04-14 16:44:51'),
(11, 'neophyte', 0, NULL, '2025-04-15 04:51:13', NULL, '2025-04-15 04:51:13'),
(12, 'Risk Taker', 0, 9, '2025-04-24 10:13:53', 9, '2025-04-24 10:14:09'),
(13, 'VVIP', 1, 1, '2025-05-12 04:25:59', NULL, '2025-05-12 04:25:59');

-- Dump of table `communities`
DELETE FROM `communities`;
INSERT INTO `communities` (`community_id`, `name`, `location`, `approved`, `active`, `created_by`, `created_on`, `modified_by`, `modified_on`) VALUES
(1, 'Adarsh Palm Meadows', 'Bangalore', 1, 1, NULL, '2025-11-21 11:27:00', NULL, '2025-11-21 11:27:00'),
(2, 'Adarsh Palm Retreat', '', 1, 1, NULL, '2025-11-21 11:27:00', NULL, '2025-11-21 11:27:00'),
(3, 'Ajmera Infinity', '', 1, 1, NULL, '2025-11-21 11:27:00', NULL, '2025-11-21 11:27:00'),
(4, 'Alembic Urban Forest', '', 1, 1, NULL, '2025-11-21 11:27:00', NULL, '2025-11-21 11:27:00'),
(5, 'Bharatiya City', '', 1, 1, NULL, '2025-11-21 11:27:00', NULL, '2025-11-21 11:27:00'),
(6, 'Brigade Exotica', '', 1, 1, NULL, '2025-11-21 11:27:00', NULL, '2025-11-21 11:27:00'),
(7, 'Brigade Gateway', '', 1, 1, NULL, '2025-11-21 11:27:00', NULL, '2025-11-21 11:27:00'),
(8, 'Brigade Lakefront', '', 1, 1, NULL, '2025-11-21 11:27:00', NULL, '2025-11-21 11:27:00'),
(9, 'Brigade Metropolis', '', 1, 1, NULL, '2025-11-21 11:27:00', NULL, '2025-11-21 11:27:00'),
(10, 'Others', 'Delhi', 1, 1, NULL, '2025-11-21 11:27:00', NULL, '2025-11-21 11:27:00'),
(11, 'Brigade Milennium', '', 1, 1, NULL, '2025-11-21 11:27:00', NULL, '2025-11-21 11:27:00'),
(12, 'Others', '', 1, 1, NULL, '2025-11-21 11:27:00', NULL, '2025-11-21 11:27:00'),
(13, 'Others', 'C V Raman Nagar', 1, 1, NULL, '2025-11-21 11:27:00', NULL, '2025-11-21 11:27:00'),
(14, 'Century Celeste', '', 1, 1, NULL, '2025-11-21 11:27:00', NULL, '2025-11-21 11:27:00'),
(15, 'Diamond District', '', 1, 1, NULL, '2025-11-21 11:27:00', NULL, '2025-11-21 11:27:00'),
(16, 'Druva Daffodils', '', 1, 1, NULL, '2025-11-21 11:27:00', NULL, '2025-11-21 11:27:00'),
(17, 'DSR Eden Greens', '', 1, 1, NULL, '2025-11-21 11:27:00', NULL, '2025-11-21 11:27:00'),
(18, 'Others', 'E City', 1, 1, NULL, '2025-11-21 11:27:00', NULL, '2025-11-21 11:27:00'),
(19, 'Empyrean Villa', '', 1, 1, NULL, '2025-11-21 11:27:00', NULL, '2025-11-21 11:27:00'),
(20, 'Esteem Classic', '', 1, 1, NULL, '2025-11-21 11:27:00', NULL, '2025-11-21 11:27:00'),
(21, 'Godrej Woodsman Estate', '', 1, 1, NULL, '2025-11-21 11:27:00', NULL, '2025-11-21 11:27:00'),
(22, 'Gokulam', '', 1, 1, NULL, '2025-11-21 11:27:00', NULL, '2025-11-21 11:27:00'),
(23, 'Golden Enclave', '', 1, 1, NULL, '2025-11-21 11:27:00', NULL, '2025-11-21 11:27:00'),
(24, 'Golden Grand', '', 1, 1, NULL, '2025-11-21 11:27:00', NULL, '2025-11-21 11:27:00'),
(25, 'GR Sun Villa', '', 1, 1, NULL, '2025-11-21 11:27:00', NULL, '2025-11-21 11:27:00'),
(26, 'Hiranandani', '', 1, 1, NULL, '2025-11-21 11:27:00', NULL, '2025-11-21 11:27:00'),
(27, 'Others', 'HSR Layout', 1, 1, NULL, '2025-11-21 11:27:00', NULL, '2025-11-21 11:27:00'),
(28, 'Others', 'Indiranagar', 1, 1, NULL, '2025-11-21 11:27:00', NULL, '2025-11-21 11:27:00'),
(29, 'Jal Vayu Towers', '', 1, 1, NULL, '2025-11-21 11:27:00', NULL, '2025-11-21 11:27:00'),
(30, 'Others', 'Jaya Nagar', 1, 1, NULL, '2025-11-21 11:27:00', NULL, '2025-11-21 11:27:00'),
(31, 'Others', 'JP Nagar', 1, 1, NULL, '2025-11-21 11:27:00', NULL, '2025-11-21 11:27:00'),
(32, 'Others', 'Koramangala', 1, 1, NULL, '2025-11-21 11:27:00', NULL, '2025-11-21 11:27:00'),
(33, 'Others', 'L&T South City', 1, 1, NULL, '2025-11-21 11:27:00', NULL, '2025-11-21 11:27:00'),
(34, 'Others', 'Lucknow', 1, 1, NULL, '2025-11-21 11:27:00', NULL, '2025-11-21 11:27:00'),
(35, 'Mantri Alpyne Apartment', '', 1, 1, NULL, '2025-11-21 11:27:00', NULL, '2025-11-21 11:27:00'),
(36, 'Mantri Serenity', '', 1, 1, NULL, '2025-11-21 11:27:00', NULL, '2025-11-21 11:27:00'),
(37, 'Manyata Tech Park', '', 1, 1, NULL, '2025-11-21 11:27:00', NULL, '2025-11-21 11:27:00'),
(38, 'Others', 'Marathahalli', 1, 1, NULL, '2025-11-21 11:27:00', NULL, '2025-11-21 11:27:00'),
(39, 'Others', 'Mumbai', 1, 1, NULL, '2025-11-21 11:27:00', NULL, '2025-11-21 11:27:00'),
(40, 'Natura Villas', '', 1, 1, NULL, '2025-11-21 11:27:00', NULL, '2025-11-21 11:27:00'),
(41, 'Others', 'Noida', 1, 1, NULL, '2025-11-21 11:27:00', NULL, '2025-11-21 11:27:00'),
(42, 'NR Orchid Gardenia', '', 1, 1, NULL, '2025-11-21 11:27:00', NULL, '2025-11-21 11:27:00'),
(43, 'Park West', '', 1, 1, NULL, '2025-11-21 11:27:00', NULL, '2025-11-21 11:27:00'),
(44, 'Prestige Jindal City', '', 1, 1, NULL, '2025-11-21 11:27:00', NULL, '2025-11-21 11:27:00'),
(45, 'Prestige Kensington Garden', '', 1, 1, NULL, '2025-11-21 11:27:00', NULL, '2025-11-21 11:27:00'),
(46, 'Prestige Lakeside Habitat', '', 1, 1, NULL, '2025-11-21 11:27:00', NULL, '2025-11-21 11:27:00'),
(47, 'Prestige Park View', '', 1, 1, NULL, '2025-11-21 11:27:00', NULL, '2025-11-21 11:27:00'),
(48, 'Prestige Shantiniketan', '', 1, 1, NULL, '2025-11-21 11:27:00', NULL, '2025-11-21 11:27:00'),
(49, 'Prestige Wellington Park', '', 1, 1, NULL, '2025-11-21 11:27:00', NULL, '2025-11-21 11:27:00'),
(50, 'Prestige Westwoods', '', 1, 1, NULL, '2025-11-21 11:27:00', NULL, '2025-11-21 11:27:00'),
(51, 'Pruksa Silvana', '', 1, 1, NULL, '2025-11-21 11:27:00', NULL, '2025-11-21 11:27:00'),
(52, 'Purva Fountain Square', '', 1, 1, NULL, '2025-11-21 11:27:00', NULL, '2025-11-21 11:27:00'),
(53, 'Purvankara Elita Promenade', '', 1, 1, NULL, '2025-11-21 11:27:00', NULL, '2025-11-21 11:27:00'),
(54, 'Renaissance Temple Bells', '', 1, 1, NULL, '2025-11-21 11:27:00', NULL, '2025-11-21 11:27:00'),
(55, 'Republic of Whitefield', '', 1, 1, NULL, '2025-11-21 11:27:00', NULL, '2025-11-21 11:27:00'),
(56, 'Sai City', 'KR Puram', 1, 1, NULL, '2025-11-21 11:27:00', NULL, '2025-11-21 11:27:00'),
(57, 'Salarpuria east crest', '', 1, 1, NULL, '2025-11-21 11:27:00', NULL, '2025-11-21 11:27:00'),
(58, 'Salarpuria Greenage', '', 1, 1, NULL, '2025-11-21 11:27:00', NULL, '2025-11-21 11:27:00'),
(59, 'Shobha IRIS', 'Marathahalli', 1, 1, NULL, '2025-11-21 11:27:00', NULL, '2025-11-21 11:27:00'),
(60, 'Shriram Greenfield', '', 1, 1, NULL, '2025-11-21 11:27:00', NULL, '2025-11-21 11:27:00'),
(61, 'SLV Splendour', '', 1, 1, NULL, '2025-11-21 11:27:00', NULL, '2025-11-21 11:27:00'),
(62, 'Sobha City', '', 1, 1, NULL, '2025-11-21 11:27:00', NULL, '2025-11-21 11:27:00'),
(63, 'Sobha Dream Acres', '', 1, 1, NULL, '2025-11-21 11:27:00', NULL, '2025-11-21 11:27:00'),
(64, 'Sraddha Splendor', '', 1, 1, NULL, '2025-11-21 11:27:00', NULL, '2025-11-21 11:27:00'),
(65, 'Sri Krishna Garden', 'South Bangalore', 1, 1, NULL, '2025-11-21 11:27:00', NULL, '2025-11-21 11:27:00'),
(66, 'Sri Laksmi Vallabha Landmark Apartment', '', 1, 1, NULL, '2025-11-21 11:27:00', NULL, '2025-11-21 11:27:00'),
(67, 'Others', 'Sri Lanka', 1, 1, NULL, '2025-11-21 11:27:00', NULL, '2025-11-21 11:27:00'),
(68, 'TATA Aquila', '', 1, 1, NULL, '2025-11-21 11:27:00', NULL, '2025-11-21 11:27:00'),
(69, 'Others', 'Uttarahalli', 1, 1, NULL, '2025-11-21 11:27:00', NULL, '2025-11-21 11:27:00'),
(70, 'Others', 'Vijayanagar', 1, 1, NULL, '2025-11-21 11:27:00', NULL, '2025-11-21 11:27:00'),
(71, 'Others', 'VK Hill', 1, 1, NULL, '2025-11-21 11:27:00', NULL, '2025-11-21 11:27:00'),
(72, 'Others', 'Whitefield', 1, 1, NULL, '2025-11-21 11:27:00', NULL, '2025-11-21 11:27:00');

-- Dump of table `contact_statuses`
DELETE FROM `contact_statuses`;
INSERT INTO `contact_statuses` (`contact_status_id`, `name`) VALUES
(1, 'HEALTHY'),
(2, 'CANCELLED'),
(3, 'MERGED'),
(4, 'RED ALERT'),
(5, 'SUSPENDED'),
(6, 'TRANSFERRED'),
(7, 'EXPIRED'),
(8, 'DEACTIVATED'),
(9, 'INACTIVE');

-- Dump of table `guides`
DELETE FROM `guides`;
INSERT INTO `guides` (`guide_id`, `name`, `code_name`, `whatsapp`, `photo_path`, `active`, `created_by`, `created_on`, `modified_by`, `modified_on`) VALUES
(1, 'Anirudha Balaram Dasa', 'ANBD', NULL, NULL, 1, NULL, '2025-11-21 11:27:00', NULL, '2025-11-21 11:27:00'),
(2, 'Sukumar Krishna Dasa', 'SKRD', NULL, NULL, 1, NULL, '2025-11-21 11:27:00', NULL, '2025-11-21 11:27:00'),
(3, 'Bindu Madhav Dasa', 'BDMD', NULL, NULL, 1, NULL, '2025-11-21 11:27:00', NULL, '2025-11-21 11:27:00'),
(4, 'KL Guide', 'KLG', NULL, NULL, 1, NULL, '2025-11-21 11:27:00', NULL, '2025-11-21 11:27:00'),
(5, 'Meghashyam Dasa', 'MGSD', NULL, NULL, 1, NULL, '2025-11-21 11:27:00', NULL, '2025-11-21 11:27:00'),
(6, 'Govinda Datta Dasa', 'GVND', NULL, NULL, 1, NULL, '2025-11-21 11:27:00', NULL, '2025-11-21 11:27:00'),
(7, 'Hemanga Chaitanya Dasa', 'HMCD', NULL, NULL, 1, NULL, '2025-11-21 11:27:00', NULL, '2025-11-21 11:27:00'),
(8, 'Shyama Krishna Dasa', 'SYKD', NULL, NULL, 1, NULL, '2025-11-21 11:27:00', NULL, '2025-11-21 11:27:00'),
(9, 'Naveena Nirada Dasa', 'NNRD', NULL, NULL, 1, NULL, '2025-11-21 11:27:00', NULL, '2025-11-21 11:27:00'),
(10, 'Raghukula Nandana Dasa', 'RGND', NULL, NULL, 1, NULL, '2025-11-21 11:27:00', NULL, '2025-11-21 11:27:00'),
(11, 'Shivatma Bhakta Dasa', 'SVBD', NULL, NULL, 1, NULL, '2025-11-21 11:27:00', NULL, '2025-11-21 11:27:00'),
(12, 'Vrindavan', 'KLG1', NULL, NULL, 1, NULL, '2025-11-21 11:27:00', NULL, '2025-11-21 11:27:00');

-- Dump of table `languages`
DELETE FROM `languages`;
INSERT INTO `languages` (`language_id`, `name`, `active`, `created_by`, `created_on`, `modified_by`, `modified_on`) VALUES
(1, 'Kannada', 1, NULL, '2025-03-18 10:39:14', NULL, '2025-03-18 10:39:14'),
(2, 'Tamil', 1, NULL, '2025-03-18 10:41:56', NULL, '2025-03-28 06:56:49'),
(3, 'Telugu', 1, NULL, '2025-03-18 10:42:06', NULL, '2025-03-18 10:42:06'),
(4, 'Assamese', 1, NULL, '2025-03-28 06:56:27', NULL, '2025-04-01 11:12:47'),
(5, 'Bengali', 1, NULL, '2025-03-28 06:56:38', NULL, '2025-03-28 06:56:38'),
(6, 'Oriya', 1, NULL, '2025-03-28 06:56:58', 9, '2025-04-24 10:12:09'),
(7, 'Malayalam', 1, 9, '2025-04-18 12:21:58', NULL, '2025-04-18 12:21:58'),
(8, 'Tulu', 1, 1, '2025-05-12 05:49:40', NULL, '2025-05-12 05:49:40');

-- Dump of table `professions`
DELETE FROM `professions`;
INSERT INTO `professions` (`profession_id`, `name`, `active`, `created_by`, `created_on`, `modified_by`, `modified_on`) VALUES
(1, 'Software Engineer', 1, NULL, '2025-02-15 06:14:06', NULL, '2025-02-15 06:14:23'),
(2, 'Doctor', 1, NULL, '2025-02-15 06:14:31', NULL, '2025-02-15 06:14:37'),
(7, 'Clerk', 1, NULL, '2025-02-15 12:44:03', NULL, '2025-02-15 12:44:03'),
(9, 'Cricketer', 1, NULL, '2025-02-15 13:06:52', NULL, '2025-02-15 13:06:52'),
(10, 'Ad Designer', 1, NULL, '2025-02-15 13:12:59', NULL, '2025-04-01 11:13:18'),
(11, 'Artist', 1, NULL, '2025-02-15 13:35:45', NULL, '2025-03-18 04:32:35'),
(12, 'annotator', 1, NULL, '2025-03-19 04:55:31', NULL, '2025-03-19 04:55:31'),
(13, 'Driver', 1, NULL, '2025-03-19 04:55:59', NULL, '2025-03-19 04:55:59'),
(41, 'Architect', 1, NULL, '2025-04-14 06:52:26', 9, '2025-07-14 12:58:43'),
(42, 'def', 0, NULL, '2025-04-14 12:59:33', NULL, '2025-04-14 12:59:33'),
(43, 'Fruit Seller', 1, 9, '2025-05-03 10:32:12', 9, '2025-05-03 10:32:31'),
(44, 'Educator', 1, 1, '2025-05-09 09:14:55', NULL, '2025-05-09 09:14:55');

-- Dump of table `salutations`
DELETE FROM `salutations`;
INSERT INTO `salutations` (`salutation_id`, `name`) VALUES
(1, 'Sri'),
(2, 'Smt'),
(3, 'Mr'),
(4, 'Ms'),
(5, 'Dr');

-- Dump of table `sources`
DELETE FROM `sources`;
INSERT INTO `sources` (`source_id`, `name`, `readonly`, `active`, `created_by`, `created_on`, `modified_by`, `modified_on`) VALUES
(1, 'Ashraya', 0, 1, NULL, '2025-11-21 11:27:00', NULL, '2025-11-21 11:27:00');

-- Dump of table `contacts`
DELETE FROM `contacts`;
INSERT INTO `contacts` (`contact_id`, `name`, `email`, `mobile`, `whatsapp`, `photo_path`, `dob`, `gender`, `mother_tongue`, `language_id`, `pan`, `marital_status`, `company_name`, `linked_in`, `designation`, `profession_id`, `salutation_id`, `community_id`, `birth_state`, `ashraya_level_id`, `next_ashraya_level`, `initiated_name`, `source_id`, `category_id`, `contact_status_id`, `guide_id`, `active`, `created_by`, `created_on`, `modified_by`, `modified_on`) VALUES
(1, 'Radha Ramani', 'kartik.vaishnavi@yahoo.in', '+919036862019', NULL, NULL, NULL, 'F', NULL, NULL, NULL, NULL, NULL, NULL, NULL, NULL, NULL, NULL, NULL, 3, 4, '', 1, NULL, NULL, 1, 1, NULL, '2025-12-02 13:33:26', NULL, '2025-12-02 13:33:26'),
(2, 'Gopal Krishna Sastry', 'drkrishnasastry@gmail.com', '+919980800119', NULL, NULL, NULL, 'M', NULL, NULL, NULL, NULL, NULL, NULL, NULL, NULL, NULL, NULL, NULL, 2, 3, '', 1, NULL, NULL, 1, 1, NULL, '2025-12-02 13:33:26', NULL, '2025-12-02 13:33:26'),
(3, 'Rajesh Tiwari', 'rajesh2629@yahoo.co.in', '+919886715819', NULL, NULL, NULL, 'M', NULL, NULL, NULL, NULL, NULL, NULL, NULL, NULL, NULL, NULL, NULL, 2, 3, '', 1, NULL, NULL, 1, 1, NULL, '2025-12-02 13:33:26', NULL, '2025-12-02 13:33:26'),
(4, 'Tarun Malik', 'tarun_malik@rediffmail.com', '+919880297742', NULL, NULL, NULL, 'M', NULL, NULL, NULL, NULL, NULL, NULL, NULL, NULL, NULL, NULL, NULL, 2, 3, '', 1, NULL, NULL, 1, 1, NULL, '2025-12-02 13:33:26', NULL, '2025-12-02 13:33:26'),
(5, 'Amit Bhan', '', '+919611111006', NULL, NULL, NULL, 'M', NULL, NULL, NULL, NULL, NULL, NULL, NULL, NULL, NULL, NULL, NULL, 1, 2, '', 1, NULL, NULL, 1, 1, NULL, '2025-12-02 13:33:26', NULL, '2025-12-02 13:33:26'),
(6, 'Aarti', '', '+919880997632', NULL, NULL, NULL, 'F', NULL, NULL, NULL, NULL, NULL, NULL, NULL, NULL, NULL, 48, NULL, 1, 2, '', 1, NULL, NULL, 2, 1, NULL, '2025-12-02 13:33:26', NULL, '2025-12-02 13:33:26'),
(7, 'Kavita Tiwari', 'tiwari.kavita@rocketmail.com', '+919880462073', NULL, NULL, NULL, 'F', NULL, NULL, NULL, NULL, NULL, NULL, NULL, NULL, NULL, NULL, NULL, 1, 2, '', 1, NULL, NULL, 1, 1, NULL, '2025-12-02 13:33:26', NULL, '2025-12-02 13:33:26'),
(8, 'Neelam Gupta', '', '+919611106617', NULL, NULL, NULL, 'F', NULL, NULL, NULL, NULL, NULL, NULL, NULL, NULL, NULL, NULL, NULL, 1, 2, '', 1, NULL, NULL, 1, 1, NULL, '2025-12-02 13:33:26', NULL, '2025-12-02 13:33:26'),
(9, 'Neene Mahi', '', '+919342041888', NULL, NULL, NULL, 'F', NULL, NULL, NULL, NULL, NULL, NULL, NULL, NULL, NULL, NULL, NULL, 1, 2, '', 1, NULL, NULL, 1, 1, NULL, '2025-12-02 13:33:26', NULL, '2025-12-02 13:33:26'),
(10, 'Chandrashekar', 'csv.mrec@gmail.com', '+918884431677', NULL, NULL, NULL, 'M', NULL, NULL, NULL, NULL, NULL, NULL, NULL, NULL, NULL, NULL, NULL, 6, NULL, 'Candrabhanu Caitanya Dasa', 1, NULL, NULL, 3, 1, NULL, '2025-12-02 13:33:26', NULL, '2025-12-02 13:33:26'),
(11, 'Suman Chandrashekar', '', '+919886306356', NULL, NULL, NULL, 'F', NULL, NULL, NULL, NULL, NULL, NULL, NULL, NULL, NULL, NULL, NULL, 6, NULL, 'Sunidhi Radha Devi Dasi', 1, NULL, NULL, 3, 1, NULL, '2025-12-02 13:33:26', NULL, '2025-12-02 13:33:26'),
(12, 'Dr. Hema Sharma Datta', '', '+919686723355', NULL, NULL, NULL, 'F', NULL, NULL, NULL, NULL, NULL, NULL, NULL, NULL, NULL, NULL, NULL, 5, 6, '', 1, NULL, NULL, 2, 1, NULL, '2025-12-02 13:33:26', NULL, '2025-12-02 13:33:26'),
(13, 'Amit Rana', '', '+919900123464', NULL, NULL, NULL, 'M', NULL, NULL, NULL, NULL, NULL, NULL, NULL, NULL, NULL, NULL, NULL, 4, 5, '', 1, NULL, NULL, 3, 1, NULL, '2025-12-02 13:33:26', NULL, '2025-12-02 13:33:26'),
(14, 'Harshitha Prasad', '', '+919743439316', NULL, NULL, NULL, 'F', NULL, NULL, NULL, NULL, NULL, NULL, NULL, NULL, NULL, NULL, NULL, 4, 5, '', 1, NULL, NULL, 3, 1, NULL, '2025-12-02 13:33:26', NULL, '2025-12-02 13:33:26'),
(15, 'Kankana Sarkar', '', '+919663728075', NULL, NULL, NULL, 'F', NULL, NULL, NULL, NULL, NULL, NULL, NULL, NULL, NULL, NULL, NULL, 4, 5, '', 1, NULL, NULL, 3, 1, NULL, '2025-12-02 13:33:26', NULL, '2025-12-02 13:33:26'),
(16, 'Pankaj Verma', 'rkgblore@gmail.com', '+919972577077', NULL, NULL, NULL, 'M', NULL, NULL, NULL, NULL, NULL, NULL, NULL, NULL, NULL, NULL, NULL, 4, 5, '', 1, NULL, NULL, 3, 1, NULL, '2025-12-02 13:33:26', NULL, '2025-12-02 13:33:26'),
(17, 'Priya Prasad', '', '+917338141224', NULL, NULL, NULL, 'F', NULL, NULL, NULL, NULL, NULL, NULL, NULL, NULL, NULL, NULL, NULL, 4, 5, '', 1, NULL, NULL, 3, 1, NULL, '2025-12-02 13:33:26', NULL, '2025-12-02 13:33:26'),
(18, 'Rajendra Singh', '', '+919741102060', NULL, NULL, NULL, 'M', NULL, NULL, NULL, NULL, NULL, NULL, NULL, NULL, NULL, NULL, NULL, 4, 5, '', 1, NULL, NULL, 3, 1, NULL, '2025-12-02 13:33:26', NULL, '2025-12-02 13:33:26'),
(19, 'Velladurai Tamilkumar', 'velladurait@gmail.com', '+918939024247', NULL, NULL, NULL, 'M', NULL, NULL, NULL, NULL, NULL, NULL, NULL, NULL, NULL, NULL, NULL, 4, 5, '', 1, NULL, NULL, 3, 1, NULL, '2025-12-02 13:33:26', NULL, '2025-12-02 13:33:26'),
(20, 'Pushpalatha A', '', '+918971385364', NULL, NULL, NULL, 'F', NULL, NULL, NULL, NULL, NULL, NULL, NULL, NULL, NULL, NULL, NULL, 5, 6, '', 1, NULL, NULL, 3, 1, NULL, '2025-12-02 13:33:26', NULL, '2025-12-02 13:33:26'),
(21, 'Asha S', 'asha.it@gmail.com', '+919741628210', NULL, NULL, NULL, 'F', NULL, NULL, NULL, NULL, NULL, NULL, NULL, NULL, NULL, NULL, NULL, 3, 4, '', 1, NULL, NULL, 3, 1, NULL, '2025-12-02 13:33:26', NULL, '2025-12-02 13:33:26'),
(22, 'Devaraj Dey', 'devarajdey@yahoo.com', '+919885135905', NULL, NULL, NULL, 'M', NULL, NULL, NULL, NULL, NULL, NULL, NULL, NULL, NULL, NULL, NULL, 3, 4, '', 1, NULL, NULL, 3, 1, NULL, '2025-12-02 13:33:26', NULL, '2025-12-02 13:33:26'),
(23, 'Garima Mahendru', 'garimamahendru177@gmail.com', '+917899237869', NULL, NULL, NULL, 'F', NULL, NULL, NULL, NULL, NULL, NULL, NULL, NULL, NULL, NULL, NULL, 3, 4, '', 1, NULL, NULL, 3, 1, NULL, '2025-12-02 13:33:26', NULL, '2025-12-02 13:33:26'),
(24, 'Gopireddy Prabhakar Reddy', 'prabhakar.gopireddy@gmail.com', '+919916447739', NULL, NULL, NULL, 'M', NULL, NULL, NULL, NULL, NULL, NULL, NULL, NULL, NULL, NULL, NULL, 3, 4, '', 1, NULL, NULL, 3, 1, NULL, '2025-12-02 13:33:26', NULL, '2025-12-02 13:33:26'),
(25, 'Nagaraj Badami', 'badami.5555@gmail.com', '+919845575951', NULL, NULL, NULL, 'M', NULL, NULL, NULL, NULL, NULL, NULL, NULL, NULL, NULL, NULL, NULL, 3, 4, '', 1, NULL, NULL, 3, 1, NULL, '2025-12-02 13:33:26', NULL, '2025-12-02 13:33:26'),
(26, 'Purnendu Bhusan Das', '', '+919741006848', NULL, NULL, NULL, 'M', NULL, NULL, NULL, NULL, NULL, NULL, NULL, NULL, NULL, NULL, NULL, 3, 4, '', 1, NULL, NULL, 3, 1, NULL, '2025-12-02 13:33:26', NULL, '2025-12-02 13:33:26'),
(27, 'Sanjay Singh', 'sanjay.it@gmail.com', '+918217679314', NULL, NULL, NULL, 'M', NULL, NULL, NULL, NULL, NULL, NULL, NULL, NULL, NULL, NULL, NULL, 3, 4, '', 1, NULL, NULL, 3, 1, NULL, '2025-12-02 13:33:26', NULL, '2025-12-02 13:33:26'),
(28, 'Sunita Baliarsingh', '', '+918095090606', NULL, NULL, NULL, 'F', NULL, NULL, NULL, NULL, NULL, NULL, NULL, NULL, NULL, NULL, NULL, 3, 4, '', 1, NULL, NULL, 3, 1, NULL, '2025-12-02 13:33:26', NULL, '2025-12-02 13:33:26'),
(29, 'Deepak Ambekar', '', '+919902002564', NULL, NULL, NULL, 'M', NULL, NULL, NULL, NULL, NULL, NULL, NULL, NULL, NULL, NULL, NULL, 3, 4, '', 1, NULL, NULL, 3, 1, NULL, '2025-12-02 13:33:26', NULL, '2025-12-02 13:33:26'),
(30, 'Ketaki Ambekar', '', '+919902005824', NULL, NULL, NULL, 'F', NULL, NULL, NULL, NULL, NULL, NULL, NULL, NULL, NULL, NULL, NULL, 3, 4, '', 1, NULL, NULL, 3, 1, NULL, '2025-12-02 13:33:26', NULL, '2025-12-02 13:33:26'),
(31, 'Mahua', '', '+919886674167', NULL, NULL, NULL, 'F', NULL, NULL, NULL, NULL, NULL, NULL, NULL, NULL, NULL, NULL, NULL, 3, 4, '', 1, NULL, NULL, 3, 1, NULL, '2025-12-02 13:33:26', NULL, '2025-12-02 13:33:26'),
(32, 'Sudipto', '', '+919886674157', NULL, NULL, NULL, 'M', NULL, NULL, NULL, NULL, NULL, NULL, NULL, NULL, NULL, NULL, NULL, 3, 4, '', 1, NULL, NULL, 3, 1, NULL, '2025-12-02 13:33:26', NULL, '2025-12-02 13:33:26'),
(33, 'Vinita Bhanot', '', '+917259711422', NULL, NULL, NULL, 'F', NULL, NULL, NULL, NULL, NULL, NULL, NULL, NULL, NULL, NULL, NULL, 3, 4, '', 1, NULL, NULL, 3, 1, NULL, '2025-12-02 13:33:26', NULL, '2025-12-02 13:33:26'),
(34, 'Amit Kumar', '', '+918130443330', NULL, NULL, NULL, 'M', NULL, NULL, NULL, NULL, NULL, NULL, NULL, NULL, NULL, NULL, NULL, 2, 3, '', 1, NULL, NULL, 3, 1, NULL, '2025-12-02 13:33:26', NULL, '2025-12-02 13:33:26'),
(35, 'Dhiraj Kumar', '', '+917742858193', NULL, NULL, NULL, 'M', NULL, NULL, NULL, NULL, NULL, NULL, NULL, NULL, NULL, NULL, NULL, 2, 3, '', 1, NULL, NULL, 3, 1, NULL, '2025-12-02 13:33:26', NULL, '2025-12-02 13:33:26'),
(36, 'Haritha Valapali', '', '+919611239313', NULL, NULL, NULL, 'F', NULL, NULL, NULL, NULL, NULL, NULL, NULL, NULL, NULL, NULL, NULL, 2, 3, '', 1, NULL, NULL, 3, 1, NULL, '2025-12-02 13:33:26', NULL, '2025-12-02 13:33:26'),
(37, 'Laxman dixit', '', '+919972568328', NULL, NULL, NULL, 'M', NULL, NULL, NULL, NULL, NULL, NULL, NULL, NULL, NULL, NULL, NULL, 2, 3, '', 1, NULL, NULL, 3, 1, NULL, '2025-12-02 13:33:26', NULL, '2025-12-02 13:33:26'),
(38, 'Manjusha Mankar', 'manju.mankar888@gmail.com', '+919740443262', NULL, NULL, NULL, 'F', NULL, NULL, NULL, NULL, NULL, NULL, NULL, NULL, NULL, NULL, NULL, 2, 3, '', 1, NULL, NULL, 3, 1, NULL, '2025-12-02 13:33:26', NULL, '2025-12-02 13:33:26'),
(39, 'Poonam', 'physio.pnm@gmail.com', '+919810880438', NULL, NULL, NULL, 'F', NULL, NULL, NULL, NULL, NULL, NULL, NULL, NULL, NULL, NULL, NULL, 2, 3, '', 1, NULL, NULL, 3, 1, NULL, '2025-12-02 13:33:26', NULL, '2025-12-02 13:33:26'),
(40, 'Ravi Kumar', 'ravibusy@gmail.com', '+919900113648', NULL, NULL, NULL, 'M', NULL, NULL, NULL, NULL, NULL, NULL, NULL, NULL, NULL, 71, NULL, 2, 3, '', 1, NULL, NULL, 3, 1, NULL, '2025-12-02 13:33:26', NULL, '2025-12-02 13:33:26'),
(41, 'Suma Rao', 'sumahsrao@gmail.com', '+917829275108', NULL, NULL, NULL, 'F', NULL, NULL, NULL, NULL, NULL, NULL, NULL, NULL, NULL, 71, NULL, 2, 3, '', 1, NULL, NULL, 3, 1, NULL, '2025-12-02 13:33:26', NULL, '2025-12-02 13:33:26'),
(42, 'Gitika Srivatsava', '', '+917022368643', NULL, NULL, NULL, 'F', NULL, NULL, NULL, NULL, NULL, NULL, NULL, NULL, NULL, NULL, NULL, 2, 3, '', 1, NULL, NULL, 3, 1, NULL, '2025-12-02 13:33:26', NULL, '2025-12-02 13:33:26'),
(43, 'Nilabh Pandey', '', '+919611323693', NULL, NULL, NULL, 'M', NULL, NULL, NULL, NULL, NULL, NULL, NULL, NULL, NULL, NULL, NULL, 2, 3, '', 1, NULL, NULL, 3, 1, NULL, '2025-12-02 13:33:26', NULL, '2025-12-02 13:33:26'),
(44, 'Sheena Bhargava', '', '+919741766119', NULL, NULL, NULL, 'F', NULL, NULL, NULL, NULL, NULL, NULL, NULL, NULL, NULL, NULL, NULL, 2, 3, '', 1, NULL, NULL, 3, 1, NULL, '2025-12-02 13:33:26', NULL, '2025-12-02 13:33:26'),
(45, 'Shruti Sampagavi', '', '+919880730429', NULL, NULL, NULL, 'F', NULL, NULL, NULL, NULL, NULL, NULL, NULL, NULL, NULL, NULL, NULL, 2, 3, '', 1, NULL, NULL, 3, 1, NULL, '2025-12-02 13:33:26', NULL, '2025-12-02 13:33:26'),
(46, 'Sumit Verma', '', '+919535038443', NULL, NULL, NULL, 'M', NULL, NULL, NULL, NULL, NULL, NULL, NULL, NULL, NULL, NULL, NULL, 2, 3, '', 1, NULL, NULL, 3, 1, NULL, '2025-12-02 13:33:26', NULL, '2025-12-02 13:33:26'),
(47, 'Arun Gupta', 'arungupta95@gmail.com', '+919810880429', NULL, NULL, NULL, 'M', NULL, NULL, NULL, NULL, NULL, NULL, NULL, NULL, NULL, NULL, NULL, 1, 2, '', 1, NULL, NULL, 3, 1, NULL, '2025-12-02 13:33:26', NULL, '2025-12-02 13:33:26'),
(48, 'Bhawna Agarwal', '', '+919686696740', NULL, NULL, NULL, 'F', NULL, NULL, NULL, NULL, NULL, NULL, NULL, NULL, NULL, 28, NULL, 1, 2, '', 1, NULL, NULL, 3, 1, NULL, '2025-12-02 13:33:26', NULL, '2025-12-02 13:33:26'),
(49, 'Devanandini Dey', '', '+916361831275', NULL, NULL, NULL, 'F', NULL, NULL, NULL, NULL, NULL, NULL, NULL, NULL, NULL, NULL, NULL, 1, 2, '', 1, NULL, NULL, 3, 1, NULL, '2025-12-02 13:33:26', NULL, '2025-12-02 13:33:26'),
(50, 'Divya A', '', '+919739847597', NULL, NULL, NULL, 'F', NULL, NULL, NULL, NULL, NULL, NULL, NULL, NULL, NULL, NULL, NULL, 1, 2, '', 1, NULL, NULL, 3, 1, NULL, '2025-12-02 13:33:26', NULL, '2025-12-02 13:33:26'),
(51, 'Gaurav sharma', '', '+919741988844', NULL, NULL, NULL, 'M', NULL, NULL, NULL, NULL, NULL, NULL, NULL, NULL, NULL, NULL, NULL, 1, 2, '', 1, NULL, NULL, 3, 1, NULL, '2025-12-02 13:33:26', NULL, '2025-12-02 13:33:26'),
(52, 'Girish Reddy', '', '+918147896668', NULL, NULL, NULL, 'M', NULL, NULL, NULL, NULL, NULL, NULL, NULL, NULL, NULL, NULL, NULL, 1, 2, '', 1, NULL, NULL, 3, 1, NULL, '2025-12-02 13:33:26', NULL, '2025-12-02 13:33:26'),
(53, 'Gopireddy Sindhuri', 'prabhakar.gopireddy@gmail.com', '+917829345405', NULL, NULL, NULL, 'F', NULL, NULL, NULL, NULL, NULL, NULL, NULL, NULL, NULL, NULL, NULL, 1, 2, '', 1, NULL, NULL, 3, 1, NULL, '2025-12-02 13:33:26', NULL, '2025-12-02 13:33:26'),
(54, 'Hari Krishna Reddy', '', '+919663300693', NULL, NULL, NULL, 'M', NULL, NULL, NULL, NULL, NULL, NULL, NULL, NULL, NULL, NULL, NULL, 1, 2, '', 1, NULL, NULL, 3, 1, NULL, '2025-12-02 13:33:26', NULL, '2025-12-02 13:33:26'),
(55, 'Karabi Basak', 'karabi2307@gmail.com', '+917416208715', NULL, NULL, NULL, 'F', NULL, NULL, NULL, NULL, NULL, NULL, NULL, NULL, NULL, NULL, NULL, 1, 2, '', 1, NULL, NULL, 3, 1, NULL, '2025-12-02 13:33:26', NULL, '2025-12-02 13:33:26'),
(56, 'Krsna Chaitanya', 'nanduri.chaitanya@gmail.com', '+919591773179', NULL, NULL, NULL, 'M', NULL, NULL, NULL, NULL, NULL, NULL, NULL, NULL, NULL, NULL, NULL, 1, 2, '', 1, NULL, NULL, 3, 1, NULL, '2025-12-02 13:33:26', NULL, '2025-12-02 13:33:26'),
(57, 'Lakshmi Sola', '', '+917028920077', NULL, NULL, NULL, 'F', NULL, NULL, NULL, NULL, NULL, NULL, NULL, NULL, NULL, NULL, NULL, 1, 2, '', 1, NULL, NULL, 3, 1, NULL, '2025-12-02 13:33:26', NULL, '2025-12-02 13:33:26'),
(58, 'Laxmi', '', '+919880292201', NULL, NULL, NULL, 'F', NULL, NULL, NULL, NULL, NULL, NULL, NULL, NULL, NULL, NULL, NULL, 1, 2, '', 1, NULL, NULL, 3, 1, NULL, '2025-12-02 13:33:26', NULL, '2025-12-02 13:33:26'),
(59, 'Prakash Kirpalani', '', '+917676997535', NULL, NULL, NULL, 'M', NULL, NULL, NULL, NULL, NULL, NULL, NULL, NULL, NULL, NULL, NULL, 1, 2, '', 1, NULL, NULL, 3, 1, NULL, '2025-12-02 13:33:26', NULL, '2025-12-02 13:33:26'),
(60, 'Sarthak Verma', 'vsarthak77@yahoo.com', '+919060770007', NULL, NULL, NULL, 'M', NULL, NULL, NULL, NULL, NULL, NULL, NULL, NULL, NULL, NULL, NULL, 1, 2, '', 1, NULL, NULL, 3, 1, NULL, '2025-12-02 13:33:26', NULL, '2025-12-02 13:33:26'),
(61, 'Satish Kumar Grandhi', 'satishkumargrandhi@gmail.com', '+919972011201', NULL, NULL, NULL, 'M', NULL, NULL, NULL, NULL, NULL, NULL, NULL, NULL, NULL, 56, NULL, 1, 2, '', 1, NULL, NULL, 3, 1, NULL, '2025-12-02 13:33:26', NULL, '2025-12-02 13:33:26'),
(62, 'Sridevi Harikrishna Reddy', '', '+918050864273', NULL, NULL, NULL, 'F', NULL, NULL, NULL, NULL, NULL, NULL, NULL, NULL, NULL, NULL, NULL, 1, 2, '', 1, NULL, NULL, 3, 1, NULL, '2025-12-02 13:33:26', NULL, '2025-12-02 13:33:26'),
(63, 'Sudha', 'sudha.kodali06@gmail.com', '+919591773174', NULL, NULL, NULL, 'F', NULL, NULL, NULL, NULL, NULL, NULL, NULL, NULL, NULL, NULL, NULL, 1, 2, '', 1, NULL, NULL, 3, 1, NULL, '2025-12-02 13:33:26', NULL, '2025-12-02 13:33:26'),
(64, 'Susheela Singari', 'singari.2512@gmail.com', '+919346434731', NULL, NULL, NULL, 'F', NULL, NULL, NULL, NULL, NULL, NULL, NULL, NULL, NULL, 56, NULL, 1, 2, '', 1, NULL, NULL, 3, 1, NULL, '2025-12-02 13:33:26', NULL, '2025-12-02 13:33:26'),
(65, 'Venu Sola', '', '+917028910077', NULL, NULL, NULL, 'M', NULL, NULL, NULL, NULL, NULL, NULL, NULL, NULL, NULL, NULL, NULL, 1, 2, '', 1, NULL, NULL, 3, 1, NULL, '2025-12-02 13:33:26', NULL, '2025-12-02 13:33:26'),
(66, 'Vishnu Ghantoji', '', '+919482018409', NULL, NULL, NULL, 'M', NULL, NULL, NULL, NULL, NULL, NULL, NULL, NULL, NULL, NULL, NULL, 1, 2, '', 1, NULL, NULL, 3, 1, NULL, '2025-12-02 13:33:26', NULL, '2025-12-02 13:33:26'),
(67, 'Yamini', 'stulasi@gmail.com', '+917829097799', NULL, NULL, NULL, 'F', NULL, NULL, NULL, NULL, NULL, NULL, NULL, NULL, NULL, 59, NULL, 1, 2, '', 1, NULL, NULL, 3, 1, NULL, '2025-12-02 13:33:26', NULL, '2025-12-02 13:33:26'),
(68, 'Yeshaswini', '', '+919632388477', NULL, NULL, NULL, 'F', NULL, NULL, NULL, NULL, NULL, NULL, NULL, NULL, NULL, NULL, NULL, 2, 3, '', 1, NULL, NULL, 3, 1, NULL, '2025-12-02 13:33:26', NULL, '2025-12-02 13:33:26'),
(69, 'Meghana Pandey', '', '+917022223326', NULL, NULL, NULL, 'F', NULL, NULL, NULL, NULL, NULL, NULL, NULL, NULL, NULL, NULL, NULL, 1, 2, '', 1, NULL, NULL, 3, 1, NULL, '2025-12-02 13:33:26', NULL, '2025-12-02 13:33:26'),
(70, 'Payal', '', '+917483151089', NULL, NULL, NULL, 'F', NULL, NULL, NULL, NULL, NULL, NULL, NULL, NULL, NULL, NULL, NULL, 1, 2, '', 1, NULL, NULL, 3, 1, NULL, '2025-12-02 13:33:26', NULL, '2025-12-02 13:33:26'),
(71, 'Rohit', '', '+919731722156', NULL, NULL, NULL, 'M', NULL, NULL, NULL, NULL, NULL, NULL, NULL, NULL, NULL, NULL, NULL, 1, 2, '', 1, NULL, NULL, 3, 1, NULL, '2025-12-02 13:33:26', NULL, '2025-12-02 13:33:26'),
(72, 'Venkata Satyanarayana', '', '+919902275928', NULL, NULL, NULL, 'M', NULL, NULL, NULL, NULL, NULL, NULL, NULL, NULL, NULL, NULL, NULL, 1, 2, '', 1, NULL, NULL, 3, 1, NULL, '2025-12-02 13:33:26', NULL, '2025-12-02 13:33:26'),
(73, 'Poorna S', '', '+919741828891', NULL, NULL, NULL, 'F', NULL, NULL, NULL, NULL, NULL, NULL, NULL, NULL, NULL, NULL, NULL, 1, 2, '', 1, NULL, NULL, 3, 1, NULL, '2025-12-02 13:33:26', NULL, '2025-12-02 13:33:26'),
(74, 'Chaitra', '', '+918722570689', NULL, NULL, NULL, 'F', NULL, NULL, NULL, NULL, NULL, NULL, NULL, NULL, NULL, NULL, NULL, 1, 2, '', 1, NULL, NULL, 3, 1, NULL, '2025-12-02 13:33:26', NULL, '2025-12-02 13:33:26'),
(75, 'Ranjith', '', '+919738676236', NULL, NULL, NULL, 'M', NULL, NULL, NULL, NULL, NULL, NULL, NULL, NULL, NULL, NULL, NULL, 2, 3, '', 1, NULL, NULL, 3, 1, NULL, '2025-12-02 13:33:26', NULL, '2025-12-02 13:33:26'),
(76, 'Srinivsasan G', '', '+919740030300', NULL, NULL, NULL, 'M', NULL, NULL, NULL, NULL, NULL, NULL, NULL, NULL, NULL, NULL, NULL, 1, 2, '', 1, NULL, NULL, 3, 1, NULL, '2025-12-02 13:33:26', NULL, '2025-12-02 13:33:26'),
(77, 'Ravi', '', '+919972681867', NULL, NULL, NULL, 'M', NULL, NULL, NULL, NULL, NULL, NULL, NULL, NULL, NULL, NULL, NULL, 1, 2, '', 1, NULL, NULL, 3, 1, NULL, '2025-12-02 13:33:26', NULL, '2025-12-02 13:33:26'),
(78, 'Sneha Mahuli', '', '+919028455225', NULL, NULL, NULL, 'F', NULL, NULL, NULL, NULL, NULL, NULL, NULL, NULL, NULL, NULL, NULL, 1, 2, '', 1, NULL, NULL, 3, 1, NULL, '2025-12-02 13:33:26', NULL, '2025-12-02 13:33:26'),
(79, 'Sushan Mahuli', '', '+919028455224', NULL, NULL, NULL, 'M', NULL, NULL, NULL, NULL, NULL, NULL, NULL, NULL, NULL, NULL, NULL, 1, 2, '', 1, NULL, NULL, 3, 1, NULL, '2025-12-02 13:33:26', NULL, '2025-12-02 13:33:26'),
(80, 'Veerabhadrappa', '', '+919880730593', NULL, NULL, NULL, 'M', NULL, NULL, NULL, NULL, NULL, NULL, NULL, NULL, NULL, NULL, NULL, 2, 3, '', 1, NULL, NULL, 3, 1, NULL, '2025-12-02 13:33:26', NULL, '2025-12-02 13:33:26'),
(81, 'Meena Vaswani', 'meena.lvaswani@gmail.com', '+918105896236', NULL, NULL, NULL, 'F', NULL, NULL, NULL, NULL, NULL, NULL, NULL, NULL, NULL, NULL, NULL, 2, 3, '', 1, NULL, NULL, 4, 1, NULL, '2025-12-02 13:33:26', NULL, '2025-12-02 13:33:26'),
(82, 'Sandhya Satish', '', '+919845224329', NULL, NULL, NULL, 'F', NULL, NULL, NULL, NULL, NULL, NULL, NULL, NULL, NULL, NULL, NULL, 6, NULL, 'Satya Rupa Devi Dasi', 1, NULL, NULL, 6, 1, NULL, '2025-12-02 13:33:26', NULL, '2025-12-02 13:33:26'),
(83, 'Alka Patni Devi', '', '+917619115512', NULL, NULL, NULL, 'F', NULL, NULL, NULL, NULL, NULL, NULL, NULL, NULL, NULL, NULL, NULL, 1, 2, '', 1, NULL, NULL, 7, 1, NULL, '2025-12-02 13:33:26', NULL, '2025-12-02 13:33:26'),
(84, 'Ambrish Saxena', '', '+919650799318', NULL, NULL, NULL, 'M', NULL, NULL, NULL, NULL, NULL, NULL, NULL, NULL, NULL, NULL, NULL, 1, 2, '', 1, NULL, NULL, 7, 1, NULL, '2025-12-02 13:33:26', NULL, '2025-12-02 13:33:26'),
(85, 'Annapurna Rao', '', '+919845666136', NULL, NULL, NULL, 'F', NULL, NULL, NULL, NULL, NULL, NULL, NULL, NULL, NULL, NULL, NULL, 1, 2, '', 1, NULL, NULL, 7, 1, NULL, '2025-12-02 13:33:26', NULL, '2025-12-02 13:33:26'),
(86, 'Chaitra Purushottam', '', '+919611999199', NULL, NULL, NULL, 'F', NULL, NULL, NULL, NULL, NULL, NULL, NULL, NULL, NULL, NULL, NULL, 1, 2, '', 1, NULL, NULL, 7, 1, NULL, '2025-12-02 13:33:26', NULL, '2025-12-02 13:33:26'),
(87, 'Karabi Pathak', '', '+919902500665', NULL, NULL, NULL, 'F', NULL, NULL, NULL, NULL, NULL, NULL, NULL, NULL, NULL, NULL, NULL, 1, 2, '', 1, NULL, NULL, 7, 1, NULL, '2025-12-02 13:33:26', NULL, '2025-12-02 13:33:26'),
(88, 'Krishnan Govindaswamy', '', '+919686077442', NULL, NULL, NULL, 'M', NULL, NULL, NULL, NULL, NULL, NULL, NULL, NULL, NULL, NULL, NULL, 1, 2, '', 1, NULL, NULL, 7, 1, NULL, '2025-12-02 13:33:26', NULL, '2025-12-02 13:33:26'),
(89, 'Murlidhar Pandey', '', '+919900273451', NULL, NULL, NULL, 'M', NULL, NULL, NULL, NULL, NULL, NULL, NULL, NULL, NULL, NULL, NULL, 1, 2, '', 1, NULL, NULL, 7, 1, NULL, '2025-12-02 13:33:26', NULL, '2025-12-02 13:33:26'),
(90, 'Nithin', '', '+919341278015', NULL, NULL, NULL, 'M', NULL, NULL, NULL, NULL, NULL, NULL, NULL, NULL, NULL, NULL, NULL, 1, 2, '', 1, NULL, NULL, 7, 1, NULL, '2025-12-02 13:33:26', NULL, '2025-12-02 13:33:26'),
(91, 'Rajesh Panda Kumar', '', '+919849274287', NULL, NULL, NULL, 'M', NULL, NULL, NULL, NULL, NULL, NULL, NULL, NULL, NULL, NULL, NULL, 1, 2, '', 1, NULL, NULL, 7, 1, NULL, '2025-12-02 13:33:26', NULL, '2025-12-02 13:33:26'),
(92, 'Rajvasan', '', '+917760978752', NULL, NULL, NULL, 'M', NULL, NULL, NULL, NULL, NULL, NULL, NULL, NULL, NULL, NULL, NULL, 1, 2, '', 1, NULL, NULL, 7, 1, NULL, '2025-12-02 13:33:26', NULL, '2025-12-02 13:33:26'),
(93, 'Sagarika Subudhi', '', '+919886623294', NULL, NULL, NULL, 'F', NULL, NULL, NULL, NULL, NULL, NULL, NULL, NULL, NULL, NULL, NULL, 1, 2, '', 1, NULL, NULL, 7, 1, NULL, '2025-12-02 13:33:26', NULL, '2025-12-02 13:33:26'),
(94, 'Satya Subudhi', '', '+919886623300', NULL, NULL, NULL, 'F', NULL, NULL, NULL, NULL, NULL, NULL, NULL, NULL, NULL, NULL, NULL, 1, 2, '', 1, NULL, NULL, 7, 1, NULL, '2025-12-02 13:33:26', NULL, '2025-12-02 13:33:26'),
(95, 'Shanthi Ranjan Dash', 'shantitanjan.dash@gmail.com', '+919886870708', NULL, NULL, NULL, 'M', NULL, NULL, NULL, NULL, NULL, NULL, NULL, NULL, NULL, NULL, NULL, 1, 2, '', 1, NULL, NULL, 7, 1, NULL, '2025-12-02 13:33:26', NULL, '2025-12-02 13:33:26'),
(96, 'Shilpa Panda', '', '+919949574287', NULL, NULL, NULL, 'F', NULL, NULL, NULL, NULL, NULL, NULL, NULL, NULL, NULL, NULL, NULL, 1, 2, '', 1, NULL, NULL, 7, 1, NULL, '2025-12-02 13:33:26', NULL, '2025-12-02 13:33:26'),
(97, 'Suganda Pai', 'sugandhavivekpai@gmail.com', '+919916126735', NULL, NULL, NULL, 'F', NULL, NULL, NULL, NULL, NULL, NULL, NULL, NULL, NULL, NULL, NULL, 1, 2, '', 1, NULL, NULL, 7, 1, NULL, '2025-12-02 13:33:26', NULL, '2025-12-02 13:33:26'),
(98, 'Sunitha Kumar', '', '+919845309574', NULL, NULL, NULL, 'F', NULL, NULL, NULL, NULL, NULL, NULL, NULL, NULL, NULL, NULL, NULL, 1, 2, '', 1, NULL, NULL, 7, 1, NULL, '2025-12-02 13:33:26', NULL, '2025-12-02 13:33:26'),
(99, 'Vivek Pai', 'vm_pai_24@yahoo.com', '+919483642510', NULL, NULL, NULL, 'M', NULL, NULL, NULL, NULL, NULL, NULL, NULL, NULL, NULL, NULL, NULL, 1, 2, '', 1, NULL, NULL, 7, 1, NULL, '2025-12-02 13:33:26', NULL, '2025-12-02 13:33:26'),
(100, 'Padmaja Padala', '', '+919008096457', NULL, NULL, NULL, 'F', NULL, NULL, NULL, NULL, NULL, NULL, NULL, NULL, NULL, 72, NULL, 4, 5, '', 1, NULL, NULL, 4, 1, NULL, '2025-12-02 13:33:26', NULL, '2025-12-02 13:33:26'),
(101, 'Lokeshwari', '', '+917373519191', NULL, NULL, NULL, 'F', NULL, NULL, NULL, NULL, NULL, NULL, NULL, NULL, NULL, NULL, NULL, 2, 3, '', 1, NULL, NULL, 4, 1, NULL, '2025-12-02 13:33:26', NULL, '2025-12-02 13:33:26'),
(102, 'Paul Prabhu', 'kumudranjan.paul@gmail.com', '+919741038877', NULL, NULL, NULL, 'M', NULL, NULL, NULL, NULL, NULL, NULL, NULL, NULL, NULL, NULL, NULL, 1, 2, '', 1, NULL, NULL, 4, 1, NULL, '2025-12-02 13:33:26', NULL, '2025-12-02 13:33:26'),
(103, 'Senthamil Selam', '', '+919884967893', NULL, NULL, NULL, 'M', NULL, NULL, NULL, NULL, NULL, NULL, NULL, NULL, NULL, NULL, NULL, 1, 2, '', 1, NULL, NULL, 4, 1, NULL, '2025-12-02 13:33:26', NULL, '2025-12-02 13:33:26'),
(104, 'Sushmita Paul', 'sushmita.paul11@gmail.com', '+919686861130', NULL, NULL, NULL, 'F', NULL, NULL, NULL, NULL, NULL, NULL, NULL, NULL, NULL, NULL, NULL, 1, 2, '', 1, NULL, NULL, 4, 1, NULL, '2025-12-02 13:33:26', NULL, '2025-12-02 13:33:26'),
(105, 'Venugopal L', '', '+918050002562', NULL, NULL, NULL, 'M', NULL, NULL, NULL, NULL, NULL, NULL, NULL, NULL, NULL, NULL, NULL, 1, 2, '', 1, NULL, NULL, 4, 1, NULL, '2025-12-02 13:33:26', NULL, '2025-12-02 13:33:26'),
(106, 'Vanishree K Raju', 'vanishree.kraju@gmail.com', '+919663420648', NULL, NULL, NULL, 'F', NULL, NULL, NULL, NULL, NULL, NULL, NULL, NULL, NULL, 13, NULL, 5, 6, '', 1, NULL, NULL, 5, 1, NULL, '2025-12-02 13:33:26', NULL, '2025-12-02 13:33:26'),
(107, 'Annapurna R', '', '+919945189447', NULL, NULL, NULL, 'F', NULL, NULL, NULL, NULL, NULL, NULL, NULL, NULL, NULL, 27, NULL, 5, 6, '', 1, NULL, NULL, 5, 1, NULL, '2025-12-02 13:33:26', NULL, '2025-12-02 13:33:26'),
(108, 'Sreetha Binod', '', '+919972349330', NULL, NULL, NULL, 'F', NULL, NULL, NULL, NULL, NULL, NULL, NULL, NULL, NULL, 27, NULL, 4, 5, '', 1, NULL, NULL, 5, 1, NULL, '2025-12-02 13:33:26', NULL, '2025-12-02 13:33:26'),
(109, 'Chandrashekar', '', '+919900577296', NULL, NULL, NULL, 'M', NULL, NULL, NULL, NULL, NULL, NULL, NULL, NULL, NULL, 27, NULL, 5, 6, '', 1, NULL, NULL, 5, 1, NULL, '2025-12-02 13:33:26', NULL, '2025-12-02 13:33:26'),
(110, 'Rajani Badami', 'rajani.badami15@gmail.com', '+916360465307', NULL, NULL, NULL, 'F', NULL, NULL, NULL, NULL, NULL, NULL, NULL, NULL, NULL, NULL, NULL, 1, 2, '', 1, NULL, NULL, 3, 1, NULL, '2025-12-02 13:33:26', NULL, '2025-12-02 13:33:26'),
(111, 'Chandrashekar', '', '+919535420142', NULL, NULL, NULL, 'M', NULL, NULL, NULL, NULL, NULL, NULL, NULL, NULL, NULL, 27, NULL, 3, 4, '', 1, NULL, NULL, 5, 1, NULL, '2025-12-02 13:33:26', NULL, '2025-12-02 13:33:26'),
(112, 'Prakashchandra', '', '+919902178989', NULL, NULL, NULL, 'M', NULL, NULL, NULL, NULL, NULL, NULL, NULL, NULL, NULL, 27, NULL, 3, 4, '', 1, NULL, NULL, 5, 1, NULL, '2025-12-02 13:33:26', NULL, '2025-12-02 13:33:26'),
(113, 'Sushila Venkat', '', '+918105956956', NULL, NULL, NULL, 'F', NULL, NULL, NULL, NULL, NULL, NULL, NULL, NULL, NULL, NULL, NULL, 3, 4, '', 1, NULL, NULL, 5, 1, NULL, '2025-12-02 13:33:26', NULL, '2025-12-02 13:33:26'),
(114, 'Usha Rani', '', '+919535588669', NULL, NULL, NULL, 'F', NULL, NULL, NULL, NULL, NULL, NULL, NULL, NULL, NULL, 27, NULL, 3, 4, '', 1, NULL, NULL, 5, 1, NULL, '2025-12-02 13:33:26', NULL, '2025-12-02 13:33:26'),
(115, 'Ramya', '', '+917032907181', NULL, NULL, NULL, 'F', NULL, NULL, NULL, NULL, NULL, NULL, NULL, NULL, NULL, 38, NULL, 1, 2, '', 1, NULL, NULL, 2, 1, NULL, '2025-12-02 13:33:26', NULL, '2025-12-02 13:33:26'),
(116, 'Vidya kamoji', '', '+917259200677', NULL, NULL, NULL, 'F', NULL, NULL, NULL, NULL, NULL, NULL, NULL, NULL, NULL, NULL, NULL, NULL, 1, '', 1, NULL, NULL, 2, 1, NULL, '2025-12-02 13:33:26', NULL, '2025-12-02 13:33:26'),
(117, 'Parashuram Jha', '', '+919611236036', NULL, NULL, NULL, 'M', NULL, NULL, NULL, NULL, NULL, NULL, NULL, NULL, NULL, 27, NULL, 2, 3, '', 1, NULL, NULL, 5, 1, NULL, '2025-12-02 13:33:26', NULL, '2025-12-02 13:33:26'),
(118, 'Sandhya Haridas', '', '+917619532764', NULL, NULL, NULL, 'F', NULL, NULL, NULL, NULL, NULL, NULL, NULL, NULL, NULL, NULL, NULL, 6, NULL, '', 1, NULL, NULL, 2, 1, NULL, '2025-12-02 13:33:26', NULL, '2025-12-02 13:33:26'),
(119, 'Suvarna Sanyal', '', '+919611183523', NULL, NULL, NULL, 'F', NULL, NULL, NULL, NULL, NULL, NULL, NULL, NULL, NULL, 27, NULL, 2, 3, '', 1, NULL, NULL, 5, 1, NULL, '2025-12-02 13:33:26', NULL, '2025-12-02 13:33:26'),
(120, 'Geetha', '', '+919110218206', NULL, NULL, NULL, 'F', NULL, NULL, NULL, NULL, NULL, NULL, NULL, NULL, NULL, 27, NULL, 2, 3, '', 1, NULL, NULL, 5, 1, NULL, '2025-12-02 13:33:26', NULL, '2025-12-02 13:33:26'),
(121, 'Aviraj Singh', '', '+917678455990', NULL, NULL, NULL, 'M', NULL, NULL, NULL, NULL, NULL, NULL, NULL, NULL, NULL, NULL, NULL, 1, 2, '', 1, NULL, NULL, 2, 1, NULL, '2025-12-02 13:33:26', NULL, '2025-12-02 13:33:26'),
(122, 'Shantha', '', '+919496829503', NULL, NULL, NULL, 'F', NULL, NULL, NULL, NULL, NULL, NULL, NULL, NULL, NULL, 27, NULL, 2, 3, '', 1, NULL, NULL, 5, 1, NULL, '2025-12-02 13:33:26', NULL, '2025-12-02 13:33:26'),
(123, 'Pallavi Bobbadi S', '', '+917795265999', NULL, NULL, NULL, 'F', NULL, NULL, NULL, NULL, NULL, NULL, NULL, NULL, NULL, NULL, NULL, 4, 5, '', 1, NULL, NULL, 2, 1, NULL, '2025-12-02 13:33:26', NULL, '2025-12-02 13:33:26'),
(124, 'Amit Sahoo', '', '+919060010600', NULL, NULL, NULL, 'M', NULL, NULL, NULL, NULL, NULL, NULL, NULL, NULL, NULL, 27, NULL, 1, 2, '', 1, NULL, NULL, 5, 1, NULL, '2025-12-02 13:33:26', NULL, '2025-12-02 13:33:26'),
(125, 'Bharati Goplani', '', '+919739466944', NULL, NULL, NULL, 'F', NULL, NULL, NULL, NULL, NULL, NULL, NULL, NULL, NULL, NULL, NULL, 1, 2, '', 1, NULL, NULL, 5, 1, NULL, '2025-12-02 13:33:26', NULL, '2025-12-02 13:33:26'),
(126, 'Abhiraj', '', '+917899089586', NULL, NULL, NULL, 'M', NULL, NULL, NULL, NULL, NULL, NULL, NULL, NULL, NULL, NULL, NULL, 1, 2, '', 1, NULL, NULL, 3, 1, NULL, '2025-12-02 13:33:26', NULL, '2025-12-02 13:33:26'),
(127, 'Geetha Suresh', '', '+919739372434', NULL, NULL, NULL, 'F', NULL, NULL, NULL, NULL, NULL, NULL, NULL, NULL, NULL, 27, NULL, 1, 2, '', 1, NULL, NULL, 5, 1, NULL, '2025-12-02 13:33:26', NULL, '2025-12-02 13:33:26'),
(128, 'Ravi Ranjan', '', '+917899780180', NULL, NULL, NULL, 'M', NULL, NULL, NULL, NULL, NULL, NULL, NULL, NULL, NULL, NULL, NULL, 1, 2, '', 1, NULL, NULL, 2, 1, NULL, '2025-12-02 13:33:26', NULL, '2025-12-02 13:33:26'),
(129, 'Manasi Agarwal', '', '+919845261304', NULL, NULL, NULL, 'F', NULL, NULL, NULL, NULL, NULL, NULL, NULL, NULL, NULL, NULL, NULL, 1, 2, '', 1, NULL, NULL, 5, 1, NULL, '2025-12-02 13:33:26', NULL, '2025-12-02 13:33:26'),
(130, 'Manish Agarwal', '', '+919341214958', NULL, NULL, NULL, 'F', NULL, NULL, NULL, NULL, NULL, NULL, NULL, NULL, NULL, NULL, NULL, 1, 2, '', 1, NULL, NULL, 5, 1, NULL, '2025-12-02 13:33:26', NULL, '2025-12-02 13:33:26'),
(131, 'Manjari Bengani', '', '+917259295000', NULL, NULL, NULL, 'F', NULL, NULL, NULL, NULL, NULL, NULL, NULL, NULL, NULL, 27, NULL, 1, 2, '', 1, NULL, NULL, 5, 1, NULL, '2025-12-02 13:33:26', NULL, '2025-12-02 13:33:26'),
(132, 'Prasad Palla', 'prasad.g.palla@gmail.com', '+918105671446', NULL, NULL, NULL, 'M', NULL, NULL, NULL, NULL, NULL, NULL, NULL, NULL, NULL, NULL, NULL, 2, 3, '', 1, NULL, NULL, 2, 1, NULL, '2025-12-02 13:33:26', NULL, '2025-12-02 13:33:26'),
(133, 'Prema Kotagi', '', '+919901076830', NULL, NULL, NULL, 'F', NULL, NULL, NULL, NULL, NULL, NULL, NULL, NULL, NULL, 27, NULL, 1, 2, '', 1, NULL, NULL, 5, 1, NULL, '2025-12-02 13:33:26', NULL, '2025-12-02 13:33:26'),
(134, 'Nidhi Ranjan', 'khurana.sanjeev@gmail.com', '+918197755570', NULL, NULL, NULL, 'F', NULL, NULL, NULL, NULL, NULL, NULL, NULL, NULL, NULL, NULL, NULL, 6, NULL, 'Nitya Rupa Devi Dasi', 1, NULL, NULL, 2, 1, NULL, '2025-12-02 13:33:26', NULL, '2025-12-02 13:33:26'),
(135, 'Ramesh Manjunath Shetty', '', '+918971380959', NULL, NULL, NULL, 'M', NULL, NULL, NULL, NULL, NULL, NULL, NULL, NULL, NULL, 27, NULL, 1, 2, '', 1, NULL, NULL, 5, 1, NULL, '2025-12-02 13:33:26', NULL, '2025-12-02 13:33:26'),
(136, 'Ravi Kamath', '', '+919480043981', NULL, NULL, NULL, 'M', NULL, NULL, NULL, NULL, NULL, NULL, NULL, NULL, NULL, 27, NULL, 1, 2, '', 1, NULL, NULL, 5, 1, NULL, '2025-12-02 13:33:26', NULL, '2025-12-02 13:33:26'),
(137, 'Akanksha Dr', '', '+918380088120', NULL, NULL, NULL, 'F', NULL, NULL, NULL, NULL, NULL, NULL, NULL, NULL, NULL, NULL, NULL, 1, 2, '', 1, NULL, NULL, 7, 1, NULL, '2025-12-02 13:33:26', NULL, '2025-12-02 13:33:26'),
(138, 'Savithri', '', '+918971380697', NULL, NULL, NULL, 'F', NULL, NULL, NULL, NULL, NULL, NULL, NULL, NULL, NULL, 27, NULL, 1, 2, '', 1, NULL, NULL, 5, 1, NULL, '2025-12-02 13:33:26', NULL, '2025-12-02 13:33:26'),
(139, 'Subasis Sanyal', '', '+919886366237', NULL, NULL, NULL, 'M', NULL, NULL, NULL, NULL, NULL, NULL, NULL, NULL, NULL, 27, NULL, 1, 2, '', 1, NULL, NULL, 5, 1, NULL, '2025-12-02 13:33:26', NULL, '2025-12-02 13:33:26'),
(140, 'Vaishali Iskande', 'vaishali.mundhe@gmail.com', '+918197066627', NULL, NULL, NULL, 'F', NULL, NULL, NULL, NULL, NULL, NULL, NULL, NULL, NULL, NULL, NULL, 1, 2, '', 1, NULL, NULL, 5, 1, NULL, '2025-12-02 13:33:26', NULL, '2025-12-02 13:33:26'),
(141, 'Neeraj Singh', '', '+918431817602', NULL, NULL, NULL, 'M', NULL, NULL, NULL, NULL, NULL, NULL, NULL, NULL, NULL, NULL, NULL, 1, 2, '', 1, NULL, NULL, 2, 1, NULL, '2025-12-02 13:33:26', NULL, '2025-12-02 13:33:26'),
(142, 'Venkat Subramaniam', '', '+919535527934', NULL, NULL, NULL, 'M', NULL, NULL, NULL, NULL, NULL, NULL, NULL, NULL, NULL, NULL, NULL, 1, 2, '', 1, NULL, NULL, 5, 1, NULL, '2025-12-02 13:33:26', NULL, '2025-12-02 13:33:26'),
(143, 'Vijaya', '', '+919972028001', NULL, NULL, NULL, 'F', NULL, NULL, NULL, NULL, NULL, NULL, NULL, NULL, NULL, 27, NULL, 1, 2, '', 1, NULL, NULL, 5, 1, NULL, '2025-12-02 13:33:26', NULL, '2025-12-02 13:33:26'),
(144, 'Rani Kamath', '', '+918073887363', NULL, NULL, NULL, 'F', NULL, NULL, NULL, NULL, NULL, NULL, NULL, NULL, NULL, 27, NULL, 1, 2, '', 1, NULL, NULL, 5, 1, NULL, '2025-12-02 13:33:26', NULL, '2025-12-02 13:33:26'),
(145, 'Subhashini Ghantoji', '', '+918747088844', NULL, NULL, NULL, 'F', NULL, NULL, NULL, NULL, NULL, NULL, NULL, NULL, NULL, NULL, NULL, 1, 2, '', 1, NULL, NULL, 3, 1, NULL, '2025-12-02 13:33:26', NULL, '2025-12-02 13:33:26'),
(146, 'Rekha Taranath', '', '+919484986516', NULL, NULL, NULL, 'F', NULL, NULL, NULL, NULL, NULL, NULL, NULL, NULL, NULL, 27, NULL, 1, 2, '', 1, NULL, NULL, 5, 1, NULL, '2025-12-02 13:33:26', NULL, '2025-12-02 13:33:26'),
(147, 'Taranath', '', '+919964350089', NULL, NULL, NULL, 'M', NULL, NULL, NULL, NULL, NULL, NULL, NULL, NULL, NULL, 27, NULL, 1, 2, '', 1, NULL, NULL, 5, 1, NULL, '2025-12-02 13:33:26', NULL, '2025-12-02 13:33:26'),
(148, 'Saswati', '', '+918951869468', NULL, NULL, NULL, 'F', NULL, NULL, NULL, NULL, NULL, NULL, NULL, NULL, NULL, NULL, NULL, 5, 6, '', 1, NULL, NULL, 2, 1, NULL, '2025-12-02 13:33:26', NULL, '2025-12-02 13:33:26'),
(149, 'Arpit Sahu', '', '+918097088898', NULL, NULL, NULL, 'M', NULL, NULL, NULL, NULL, NULL, NULL, NULL, NULL, NULL, NULL, NULL, 1, 2, '', 1, NULL, NULL, 5, 1, NULL, '2025-12-02 13:33:26', NULL, '2025-12-02 13:33:26'),
(150, 'Piyush Bharatia', '', '+918971277763', NULL, NULL, NULL, 'M', NULL, NULL, NULL, NULL, NULL, NULL, NULL, NULL, NULL, NULL, NULL, 1, 2, '', 1, NULL, NULL, 7, 1, NULL, '2025-12-02 13:33:26', NULL, '2025-12-02 13:33:26'),
(151, 'Chandru', '', '+919945196417', NULL, NULL, NULL, 'M', NULL, NULL, NULL, NULL, NULL, NULL, NULL, NULL, NULL, NULL, NULL, 1, 2, '', 1, NULL, NULL, 5, 1, NULL, '2025-12-02 13:33:26', NULL, '2025-12-02 13:33:26'),
(152, 'Satish Haralur', '', '+919035995511', NULL, NULL, NULL, 'M', NULL, NULL, NULL, NULL, NULL, NULL, NULL, NULL, NULL, 27, NULL, 1, 2, '', 1, NULL, NULL, 5, 1, NULL, '2025-12-02 13:33:26', NULL, '2025-12-02 13:33:26'),
(153, 'Srinivas Rao', '', '+919391293912', NULL, NULL, NULL, 'M', NULL, NULL, NULL, NULL, NULL, NULL, NULL, NULL, NULL, 27, NULL, 1, 2, '', 1, NULL, NULL, 5, 1, NULL, '2025-12-02 13:33:26', NULL, '2025-12-02 13:33:26'),
(154, 'Lakshmi', '', '+918971333358', NULL, NULL, NULL, 'F', NULL, NULL, NULL, NULL, NULL, NULL, NULL, NULL, NULL, NULL, NULL, 1, 2, '', 1, NULL, NULL, 3, 1, NULL, '2025-12-02 13:33:26', NULL, '2025-12-02 13:33:26'),
(155, 'Rajeev from PPL', '', '+918983045642', NULL, NULL, NULL, 'M', NULL, NULL, NULL, NULL, NULL, NULL, NULL, NULL, NULL, NULL, NULL, 3, 4, '', 1, NULL, NULL, 2, 1, NULL, '2025-12-02 13:33:26', NULL, '2025-12-02 13:33:26'),
(156, 'Sriram Iyer', '', '+919845545016', NULL, NULL, NULL, 'M', NULL, NULL, NULL, NULL, NULL, NULL, NULL, NULL, NULL, NULL, NULL, NULL, NULL, '', 1, NULL, NULL, 5, 1, NULL, '2025-12-02 13:33:26', NULL, '2025-12-02 13:33:26'),
(157, 'Jayashree Iyer', '', '+919880617570', NULL, NULL, NULL, 'F', NULL, NULL, NULL, NULL, NULL, NULL, NULL, NULL, NULL, NULL, NULL, NULL, NULL, '', 1, NULL, NULL, 5, 1, NULL, '2025-12-02 13:33:26', NULL, '2025-12-02 13:33:26'),
(158, 'Gayathri', '', '+919110609083', NULL, NULL, NULL, 'F', NULL, NULL, NULL, NULL, NULL, NULL, NULL, NULL, NULL, 27, NULL, NULL, NULL, '', 1, NULL, NULL, 5, 1, NULL, '2025-12-02 13:33:26', NULL, '2025-12-02 13:33:26'),
(159, 'Suma R Nayak', '', '+919916038766', NULL, NULL, NULL, 'F', NULL, NULL, NULL, NULL, NULL, NULL, NULL, NULL, NULL, NULL, NULL, NULL, NULL, '', 1, NULL, NULL, 5, 1, NULL, '2025-12-02 13:33:26', NULL, '2025-12-02 13:33:26'),
(160, 'Ridhi', '', '+919980167782', NULL, NULL, NULL, 'F', NULL, NULL, NULL, NULL, NULL, NULL, NULL, NULL, NULL, 27, NULL, NULL, NULL, '', 1, NULL, NULL, 5, 1, NULL, '2025-12-02 13:33:26', NULL, '2025-12-02 13:33:26'),
(161, 'Jayanthi Nagaraj', '', '+918105254916', NULL, NULL, NULL, 'F', NULL, NULL, NULL, NULL, NULL, NULL, NULL, NULL, NULL, 27, NULL, NULL, NULL, '', 1, NULL, NULL, 5, 1, NULL, '2025-12-02 13:33:26', NULL, '2025-12-02 13:33:26'),
(162, 'Sandhya Dutt', '', '+919480454037', NULL, NULL, NULL, 'F', NULL, NULL, NULL, NULL, NULL, NULL, NULL, NULL, NULL, NULL, NULL, 6, NULL, 'Sindhuja Devi Dasi', 1, NULL, NULL, 3, 1, NULL, '2025-12-02 13:33:26', NULL, '2025-12-02 13:33:26'),
(163, 'Pramila Lakshman Rao', 'pramlax@gmail.com', '+918310965274', NULL, NULL, NULL, 'F', NULL, NULL, NULL, NULL, NULL, NULL, NULL, NULL, NULL, NULL, NULL, 1, 2, '', 1, NULL, NULL, 9, 1, NULL, '2025-12-02 13:33:26', NULL, '2025-12-02 13:33:26'),
(164, 'Pratish', '', '+919535581797', NULL, NULL, NULL, 'M', NULL, NULL, NULL, NULL, NULL, NULL, NULL, NULL, NULL, NULL, NULL, 1, 2, '', 1, NULL, NULL, 2, 1, NULL, '2025-12-02 13:33:26', NULL, '2025-12-02 13:33:26'),
(165, 'Akhila Nagaraj Dr.', 'drakhilanagaraj@yahoo.com', '+919535552342', NULL, NULL, NULL, 'F', NULL, NULL, NULL, NULL, NULL, NULL, NULL, NULL, NULL, NULL, NULL, 2, 3, '', 1, NULL, NULL, 10, 1, NULL, '2025-12-02 13:33:26', NULL, '2025-12-02 13:33:26'),
(166, 'Mala Nagaraj', 'drakhilanagaraj@yahoo.com', '+919972511595', NULL, NULL, NULL, 'F', NULL, NULL, NULL, NULL, NULL, NULL, NULL, NULL, NULL, NULL, NULL, 2, 3, '', 1, NULL, NULL, 10, 1, NULL, '2025-12-02 13:33:26', NULL, '2025-12-02 13:33:26'),
(167, 'Nirmala Muthukrishna', '', '+919341967754', NULL, NULL, NULL, 'F', NULL, NULL, NULL, NULL, NULL, NULL, NULL, NULL, NULL, NULL, NULL, 2, 3, '', 1, NULL, NULL, 10, 1, NULL, '2025-12-02 13:33:26', NULL, '2025-12-02 13:33:26'),
(168, 'Dr. Deepa Pitva', '', '+919538464814', NULL, NULL, NULL, 'F', NULL, NULL, NULL, NULL, NULL, NULL, NULL, NULL, NULL, 31, NULL, 3, 4, '', 1, NULL, NULL, 2, 1, NULL, '2025-12-02 13:33:26', NULL, '2025-12-02 13:33:26'),
(169, 'Srinivas Mothey', 'mothey@gmail.com', '+919845922221', NULL, NULL, NULL, 'M', NULL, NULL, NULL, NULL, NULL, NULL, NULL, NULL, NULL, NULL, NULL, 2, 3, '', 1, NULL, NULL, 10, 1, NULL, '2025-12-02 13:33:26', NULL, '2025-12-02 13:33:26'),
(170, 'Arun Kumar Marwaha', '', '+919741546707', NULL, NULL, NULL, 'M', NULL, NULL, NULL, NULL, NULL, NULL, NULL, NULL, NULL, NULL, NULL, 1, 2, '', 1, NULL, NULL, 10, 1, NULL, '2025-12-02 13:33:26', NULL, '2025-12-02 13:33:26'),
(171, 'Dipak Dhanuka', 'dipakdhanuka@yahoo.com', '+919663324400', NULL, NULL, NULL, 'M', NULL, NULL, NULL, NULL, NULL, NULL, NULL, NULL, NULL, NULL, NULL, 1, 2, '', 1, NULL, NULL, 10, 1, NULL, '2025-12-02 13:33:26', NULL, '2025-12-02 13:33:26'),
(172, 'Kalavathy Ramkumar', 'kalavathy8@rediffmail.com', '+919686694535', NULL, NULL, NULL, 'F', NULL, NULL, NULL, NULL, NULL, NULL, NULL, NULL, NULL, NULL, NULL, 1, 2, '', 1, NULL, NULL, 10, 1, NULL, '2025-12-02 13:33:26', NULL, '2025-12-02 13:33:26'),
(173, 'Latha Tribhuvan', 'mktribhuvan@gmail.com', '+919845616203', NULL, NULL, NULL, 'F', NULL, NULL, NULL, NULL, NULL, NULL, NULL, NULL, NULL, NULL, NULL, 1, 2, '', 1, NULL, NULL, 10, 1, NULL, '2025-12-02 13:33:26', NULL, '2025-12-02 13:33:26'),
(174, 'Padmaja S', '', '+919036522228', NULL, NULL, NULL, 'F', NULL, NULL, NULL, NULL, NULL, NULL, NULL, NULL, NULL, NULL, NULL, 1, 2, '', 1, NULL, NULL, 10, 1, NULL, '2025-12-02 13:33:26', NULL, '2025-12-02 13:33:26'),
(175, 'Prahlad', '', '+919845045863', NULL, NULL, NULL, 'M', NULL, NULL, NULL, NULL, NULL, NULL, NULL, NULL, NULL, NULL, NULL, 1, 2, '', 1, NULL, NULL, 10, 1, NULL, '2025-12-02 13:33:26', NULL, '2025-12-02 13:33:26'),
(176, 'Sanjana Srivasta', '', '+919740700991', NULL, NULL, NULL, 'F', NULL, NULL, NULL, NULL, NULL, NULL, NULL, NULL, NULL, 33, NULL, 1, 2, '', 1, NULL, NULL, 10, 1, NULL, '2025-12-02 13:33:26', NULL, '2025-12-02 13:33:26'),
(177, 'Shophanava', '', '+918861331867', NULL, NULL, NULL, 'F', NULL, NULL, NULL, NULL, NULL, NULL, NULL, NULL, NULL, NULL, NULL, 1, 2, '', 1, NULL, NULL, 10, 1, NULL, '2025-12-02 13:33:26', NULL, '2025-12-02 13:33:26'),
(178, 'Sudha R Prasad', '', '+917259296340', NULL, NULL, NULL, 'F', NULL, NULL, NULL, NULL, NULL, NULL, NULL, NULL, NULL, NULL, NULL, 1, 2, '', 1, NULL, NULL, 10, 1, NULL, '2025-12-02 13:33:26', NULL, '2025-12-02 13:33:26'),
(179, 'Surekha', '', '+919886595158', NULL, NULL, NULL, 'F', NULL, NULL, NULL, NULL, NULL, NULL, NULL, NULL, NULL, NULL, NULL, 1, 2, '', 1, NULL, NULL, 10, 1, NULL, '2025-12-02 13:33:26', NULL, '2025-12-02 13:33:26'),
(180, 'Teesta', '', '+919900084631', NULL, NULL, NULL, 'F', NULL, NULL, NULL, NULL, NULL, NULL, NULL, NULL, NULL, NULL, NULL, 1, 2, '', 1, NULL, NULL, 10, 1, NULL, '2025-12-02 13:33:26', NULL, '2025-12-02 13:33:26'),
(181, 'Chandramouli', '', '+918826587444', NULL, NULL, NULL, 'M', NULL, NULL, NULL, NULL, NULL, NULL, NULL, NULL, NULL, NULL, NULL, 1, 2, '', 1, NULL, NULL, 10, 1, NULL, '2025-12-02 13:33:26', NULL, '2025-12-02 13:33:26'),
(182, 'Deepa Mahale', '', '+919590384182', NULL, NULL, NULL, 'F', NULL, NULL, NULL, NULL, NULL, NULL, NULL, NULL, NULL, NULL, NULL, 1, 2, '', 1, NULL, NULL, 10, 1, NULL, '2025-12-02 13:33:26', NULL, '2025-12-02 13:33:26'),
(183, 'Krishnasamy', '', '+919444036824', NULL, NULL, NULL, 'M', NULL, NULL, NULL, NULL, NULL, NULL, NULL, NULL, NULL, NULL, NULL, 1, 2, '', 1, NULL, NULL, 10, 1, NULL, '2025-12-02 13:33:26', NULL, '2025-12-02 13:33:26'),
(184, 'Pavan Sharma', '', '+918420304751', NULL, NULL, NULL, 'M', NULL, NULL, NULL, NULL, NULL, NULL, NULL, NULL, NULL, NULL, NULL, 1, 2, '', 1, NULL, NULL, 10, 1, NULL, '2025-12-02 13:33:26', NULL, '2025-12-02 13:33:26'),
(185, 'Priyanka Goenka', '', '+918884397232', NULL, NULL, NULL, 'F', NULL, NULL, NULL, NULL, NULL, NULL, NULL, NULL, NULL, NULL, NULL, 1, 2, '', 1, NULL, NULL, 10, 1, NULL, '2025-12-02 13:33:26', NULL, '2025-12-02 13:33:26'),
(186, 'Sangeetha', '', '+919632612994', NULL, NULL, NULL, 'F', NULL, NULL, NULL, NULL, NULL, NULL, NULL, NULL, NULL, NULL, NULL, 1, 2, '', 1, NULL, NULL, 10, 1, NULL, '2025-12-02 13:33:26', NULL, '2025-12-02 13:33:26'),
(187, 'Shanthala Keshav', '', '+918867148019', NULL, NULL, NULL, 'F', NULL, NULL, NULL, NULL, NULL, NULL, NULL, NULL, NULL, NULL, NULL, 1, 2, '', 1, NULL, NULL, 10, 1, NULL, '2025-12-02 13:33:26', NULL, '2025-12-02 13:33:26'),
(188, 'Shailaja A', 'shailaja.appanaboyina@gmail.com', '+917022256278', NULL, NULL, NULL, 'F', NULL, NULL, NULL, NULL, NULL, NULL, NULL, NULL, NULL, NULL, NULL, 6, NULL, 'Shyama Sundari Devi Dasi', 1, NULL, NULL, 2, 1, NULL, '2025-12-02 13:33:26', NULL, '2025-12-02 13:33:26'),
(189, 'Ritu Gupta', 'nugbug678@gmail.com', '+918050026038', NULL, NULL, NULL, 'F', NULL, NULL, NULL, NULL, NULL, NULL, NULL, NULL, NULL, NULL, NULL, 6, NULL, 'Ramya Devi Dasi', 1, NULL, NULL, 2, 1, NULL, '2025-12-02 13:33:26', NULL, '2025-12-02 13:33:26'),
(190, 'Manish Mudra', '', '+919606228040', NULL, NULL, NULL, 'M', NULL, NULL, NULL, NULL, NULL, NULL, NULL, NULL, NULL, NULL, NULL, 5, 6, '', 1, NULL, NULL, 2, 1, NULL, '2025-12-02 13:33:26', NULL, '2025-12-02 13:33:26'),
(191, 'Kukumina Pradhan (Lisa)', 'joyvasanthi@gmail.com', '+919620250544', NULL, NULL, NULL, 'F', NULL, NULL, NULL, NULL, NULL, NULL, NULL, NULL, NULL, NULL, NULL, 6, NULL, 'Kunkumabha Devi Dasi', 1, NULL, NULL, 2, 1, NULL, '2025-12-02 13:33:26', NULL, '2025-12-02 13:33:26'),
(192, 'Lalitha Sudha Kode', 'minu.nair@gmail.com', '+919741111404', NULL, NULL, NULL, 'F', NULL, NULL, NULL, NULL, NULL, NULL, NULL, NULL, NULL, NULL, NULL, 6, NULL, 'Lakshmipriya Devi Dasi', 1, NULL, NULL, 2, 1, NULL, '2025-12-02 13:33:26', NULL, '2025-12-02 13:33:26'),
(193, 'Sunita Tripathi', 'mailbox.vikas@gmail.com', '+919886322763', NULL, NULL, NULL, 'F', NULL, NULL, NULL, NULL, NULL, NULL, NULL, NULL, NULL, NULL, NULL, 6, NULL, 'Sulakshmana Devi Dasi', 1, NULL, NULL, 2, 1, NULL, '2025-12-02 13:33:26', NULL, '2025-12-02 13:33:26'),
(194, 'Ragavie Dakshinamoorthy', 'lalithasudha@gmail.com', '+919620251437', NULL, NULL, NULL, 'F', NULL, NULL, NULL, NULL, NULL, NULL, NULL, NULL, NULL, NULL, NULL, 6, NULL, 'Ragini Devi Dasi', 1, NULL, NULL, 2, 1, NULL, '2025-12-02 13:33:26', NULL, '2025-12-02 13:33:26'),
(195, 'Kshitij Rishi', '', '+919910056235', NULL, NULL, NULL, 'M', NULL, NULL, NULL, NULL, NULL, NULL, NULL, NULL, NULL, NULL, NULL, 6, NULL, 'Ksemakrith Narayana Dasa', 1, NULL, NULL, 2, 1, NULL, '2025-12-02 13:33:26', NULL, '2025-12-02 13:33:26'),
(196, 'Avinash Khatawate', 'basanthidharm@gmail.com', '+919922835566', NULL, NULL, NULL, 'M', NULL, NULL, NULL, NULL, NULL, NULL, NULL, NULL, NULL, NULL, NULL, 6, NULL, '', 1, NULL, NULL, 2, 1, NULL, '2025-12-02 13:33:26', NULL, '2025-12-02 13:33:26'),
(197, 'Manoharan Subbu', '', '+919986697384', NULL, NULL, NULL, 'M', NULL, NULL, NULL, NULL, NULL, NULL, NULL, NULL, NULL, NULL, NULL, 6, NULL, 'Maharathi Dasa', 1, NULL, NULL, 2, 1, NULL, '2025-12-02 13:33:26', NULL, '2025-12-02 13:33:26'),
(198, 'Rajeev N Ranjan', '', '+919845302423', NULL, NULL, NULL, 'M', NULL, NULL, NULL, NULL, NULL, NULL, NULL, NULL, NULL, NULL, NULL, 5, 6, '', 1, NULL, NULL, 2, 1, NULL, '2025-12-02 13:33:26', NULL, '2025-12-02 13:33:26'),
(199, 'Bandana purohit', 'bandana.purohit@gmail.com', '+917760979559', NULL, NULL, NULL, 'F', NULL, NULL, NULL, NULL, NULL, NULL, NULL, NULL, NULL, NULL, NULL, 5, 6, '', 1, NULL, NULL, 2, 1, NULL, '2025-12-02 13:33:26', NULL, '2025-12-02 13:33:26'),
(200, 'Ramanathan Rahul', 'ramrahu@gmail.com', '+918792885866', NULL, NULL, NULL, 'M', NULL, NULL, NULL, NULL, NULL, NULL, NULL, NULL, NULL, NULL, NULL, 5, 6, '', 1, NULL, NULL, 2, 1, NULL, '2025-12-02 13:33:26', NULL, '2025-12-02 13:33:26'),
(201, 'Ramkrishnan', 'ramkir98@gmail.com', '+918867107800', NULL, NULL, NULL, 'M', NULL, NULL, NULL, NULL, NULL, NULL, NULL, NULL, NULL, NULL, NULL, 5, 6, '', 1, NULL, NULL, 2, 1, NULL, '2025-12-02 13:33:26', NULL, '2025-12-02 13:33:26'),
(202, 'Mukesh Tiwari', '', '+919148347000', NULL, NULL, NULL, 'M', NULL, NULL, NULL, NULL, NULL, NULL, NULL, NULL, NULL, NULL, NULL, 5, 6, '', 1, NULL, NULL, 2, 1, NULL, '2025-12-02 13:33:26', NULL, '2025-12-02 13:33:26'),
(203, 'Jyotirmayee Panigrahee', '', '+919438714420', NULL, NULL, NULL, 'F', NULL, NULL, NULL, NULL, NULL, NULL, NULL, NULL, NULL, NULL, NULL, 5, 6, '', 1, NULL, NULL, 2, 1, NULL, '2025-12-02 13:33:26', NULL, '2025-12-02 13:33:26'),
(204, 'Vandana Tiwari', '', '+919591580757', NULL, NULL, NULL, 'F', NULL, NULL, NULL, NULL, NULL, NULL, NULL, NULL, NULL, NULL, NULL, 5, 6, '', 1, NULL, NULL, 2, 1, NULL, '2025-12-02 13:33:26', NULL, '2025-12-02 13:33:26'),
(205, 'Malarvizhi Manoharan', '', '+919844302318', NULL, NULL, NULL, 'F', NULL, NULL, NULL, NULL, NULL, NULL, NULL, NULL, NULL, NULL, NULL, 5, 6, '', 1, NULL, NULL, 2, 1, NULL, '2025-12-02 13:33:26', NULL, '2025-12-02 13:33:26'),
(206, 'Namita Bhutani', '', '+919900519818', NULL, NULL, NULL, 'F', NULL, NULL, NULL, NULL, NULL, NULL, NULL, NULL, NULL, NULL, NULL, 5, 6, '', 1, NULL, NULL, 2, 1, NULL, '2025-12-02 13:33:26', NULL, '2025-12-02 13:33:26'),
(207, 'Dr. Isha', '', '+919620604195', NULL, NULL, NULL, 'F', NULL, NULL, NULL, NULL, NULL, NULL, NULL, NULL, NULL, NULL, NULL, NULL, 1, '', 1, NULL, NULL, 2, 1, NULL, '2025-12-02 13:33:26', NULL, '2025-12-02 13:33:26'),
(208, 'Nandakishore', '', '+919611799889', NULL, NULL, NULL, 'M', NULL, NULL, NULL, NULL, NULL, NULL, NULL, NULL, NULL, NULL, NULL, 5, 6, '', 1, NULL, NULL, 2, 1, NULL, '2025-12-02 13:33:26', NULL, '2025-12-02 13:33:26'),
(209, 'Salva chennai', '', '+919003160830', NULL, NULL, NULL, 'M', NULL, NULL, NULL, NULL, NULL, NULL, NULL, NULL, NULL, NULL, NULL, 4, 5, '', 1, NULL, NULL, 2, 1, NULL, '2025-12-02 13:33:26', NULL, '2025-12-02 13:33:26'),
(210, 'Ashok M', '', '+917259018061', NULL, NULL, NULL, 'M', NULL, NULL, NULL, NULL, NULL, NULL, NULL, NULL, NULL, NULL, NULL, 4, 5, '', 1, NULL, NULL, 2, 1, NULL, '2025-12-02 13:33:26', NULL, '2025-12-02 13:33:26'),
(211, 'Majumder Manosh IIM Indore', '', '+918800764635', NULL, NULL, NULL, 'M', NULL, NULL, NULL, NULL, NULL, NULL, NULL, NULL, NULL, NULL, NULL, 4, 5, '', 1, NULL, NULL, 2, 1, NULL, '2025-12-02 13:33:26', NULL, '2025-12-02 13:33:26'),
(212, 'Saili Paiginkar', '', '+918951058531', NULL, NULL, NULL, 'F', NULL, NULL, NULL, NULL, NULL, NULL, NULL, NULL, NULL, NULL, NULL, 5, 6, '', 1, NULL, NULL, 2, 1, NULL, '2025-12-02 13:33:26', NULL, '2025-12-02 13:33:26'),
(213, 'Shashi Kiran Kode Dr', 'sashikiran@gmail.com', '+919741111107', NULL, NULL, NULL, 'M', NULL, NULL, NULL, NULL, NULL, NULL, NULL, NULL, NULL, NULL, NULL, 3, 4, '', 1, NULL, NULL, 2, 1, NULL, '2025-12-02 13:33:26', NULL, '2025-12-02 13:33:26'),
(214, 'Gayathri Chennimalai', 'gayavedha@gmail.com', '+917259557009', NULL, NULL, NULL, 'F', NULL, NULL, NULL, NULL, NULL, NULL, NULL, NULL, NULL, NULL, NULL, 3, 4, '', 1, NULL, NULL, 2, 1, NULL, '2025-12-02 13:33:26', NULL, '2025-12-02 13:33:26'),
(215, 'Punyaprabha Das', '', '+918095092121', NULL, NULL, NULL, 'F', NULL, NULL, NULL, NULL, NULL, NULL, NULL, NULL, NULL, NULL, NULL, 3, 4, '', 1, NULL, NULL, 2, 1, NULL, '2025-12-02 13:33:26', NULL, '2025-12-02 13:33:26'),
(216, 'Payal Reddy', '', '+919322272727', NULL, NULL, NULL, 'F', NULL, NULL, NULL, NULL, NULL, NULL, NULL, NULL, NULL, NULL, NULL, 3, 4, '', 1, NULL, NULL, 2, 1, NULL, '2025-12-02 13:33:26', NULL, '2025-12-02 13:33:26'),
(217, 'Naga Chaitanya', '', '+919663975655', NULL, NULL, NULL, 'F', NULL, NULL, NULL, NULL, NULL, NULL, NULL, NULL, NULL, NULL, NULL, 3, 4, '', 1, NULL, NULL, 2, 1, NULL, '2025-12-02 13:33:26', NULL, '2025-12-02 13:33:26'),
(218, 'Prashant Mittle', '', '+919741193264', NULL, NULL, NULL, 'M', NULL, NULL, NULL, NULL, NULL, NULL, NULL, NULL, NULL, 10, NULL, 3, 4, '', 1, NULL, NULL, 2, 1, NULL, '2025-12-02 13:33:26', NULL, '2025-12-02 13:33:26'),
(219, 'Gaurav Kansal', 'sandeep.vasudeo@gmail.com', '+919845422400', NULL, NULL, NULL, 'M', NULL, NULL, NULL, NULL, NULL, NULL, NULL, NULL, NULL, NULL, NULL, 3, 4, '', 1, NULL, NULL, 2, 1, NULL, '2025-12-02 13:33:26', NULL, '2025-12-02 13:33:26'),
(220, 'Sanskruti Anuragini', '', '+919900504019', NULL, NULL, NULL, 'F', NULL, NULL, NULL, NULL, NULL, NULL, NULL, NULL, NULL, NULL, NULL, 3, 4, '', 1, NULL, NULL, 2, 1, NULL, '2025-12-02 13:33:26', NULL, '2025-12-02 13:33:26'),
(221, 'Ashwini Nagaral', '', '+919686502373', NULL, NULL, NULL, 'F', NULL, NULL, NULL, NULL, NULL, NULL, NULL, NULL, NULL, NULL, NULL, 2, 3, '', 1, NULL, NULL, 2, 1, NULL, '2025-12-02 13:33:26', NULL, '2025-12-02 13:33:26'),
(222, 'Snigdha', '', '+919701021317', NULL, NULL, NULL, 'F', NULL, NULL, NULL, NULL, NULL, NULL, NULL, NULL, NULL, NULL, NULL, 3, 4, '', 1, NULL, NULL, 2, 1, NULL, '2025-12-02 13:33:26', NULL, '2025-12-02 13:33:26'),
(223, 'Aryan Tiwari', '', '+919902352902', NULL, NULL, NULL, 'M', NULL, NULL, NULL, NULL, NULL, NULL, NULL, NULL, NULL, NULL, NULL, 2, 3, '', 1, NULL, NULL, 2, 1, NULL, '2025-12-02 13:33:26', NULL, '2025-12-02 13:33:26'),
(224, 'Jyoti K', '', '+919740370496', NULL, NULL, NULL, 'F', NULL, NULL, NULL, NULL, NULL, NULL, NULL, NULL, NULL, NULL, NULL, 1, 2, '', 1, NULL, NULL, 4, 1, NULL, '2025-12-02 13:33:26', NULL, '2025-12-02 13:33:26'),
(225, 'Kapil Gupta', 'kgupta05@gmail.com', '+918105077117', NULL, NULL, NULL, 'M', NULL, NULL, NULL, NULL, NULL, NULL, NULL, NULL, NULL, NULL, NULL, 2, 3, '', 1, NULL, NULL, 2, 1, NULL, '2025-12-02 13:33:26', NULL, '2025-12-02 13:33:26'),
(226, 'Anoop Pahwa', '', '+918618062087', NULL, NULL, NULL, 'M', NULL, NULL, NULL, NULL, NULL, NULL, NULL, NULL, NULL, NULL, NULL, 3, 4, '', 1, NULL, NULL, 2, 1, NULL, '2025-12-02 13:33:26', NULL, '2025-12-02 13:33:26'),
(227, 'Neelam Prasad', '', '+918826381864', NULL, NULL, NULL, 'F', NULL, NULL, NULL, NULL, NULL, NULL, NULL, NULL, NULL, NULL, NULL, 2, 3, '', 1, NULL, NULL, 2, 1, NULL, '2025-12-02 13:33:26', NULL, '2025-12-02 13:33:26'),
(228, 'Abhinaya Chandrasekaran', 'abinaya@basilwoods.in', '+918939061617', NULL, NULL, NULL, 'F', NULL, NULL, NULL, NULL, NULL, NULL, NULL, NULL, NULL, NULL, NULL, 2, 3, '', 1, NULL, NULL, 2, 1, NULL, '2025-12-02 13:33:26', NULL, '2025-12-02 13:33:26'),
(229, 'Vinod Sudhakar', '', '+919008777668', NULL, NULL, NULL, 'M', NULL, NULL, NULL, NULL, NULL, NULL, NULL, NULL, NULL, NULL, NULL, 2, 3, '', 1, NULL, NULL, 2, 1, NULL, '2025-12-02 13:33:26', NULL, '2025-12-02 13:33:26'),
(230, 'Sanjay Ghosh', '', '+919011073750', NULL, NULL, NULL, 'M', NULL, NULL, NULL, NULL, NULL, NULL, NULL, NULL, NULL, 39, NULL, 2, 3, '', 1, NULL, NULL, 2, 1, NULL, '2025-12-02 13:33:26', NULL, '2025-12-02 13:33:26'),
(231, 'Ashwathi P', 'ashwathi13@gmail.com', '+919535169100', NULL, NULL, NULL, 'F', NULL, NULL, NULL, NULL, NULL, NULL, NULL, NULL, NULL, NULL, NULL, 2, 3, '', 1, NULL, NULL, 2, 1, NULL, '2025-12-02 13:33:26', NULL, '2025-12-02 13:33:26'),
(232, 'Pankaj Sharma', '', '+919548208974', NULL, NULL, NULL, 'M', NULL, NULL, NULL, NULL, NULL, NULL, NULL, NULL, NULL, 41, NULL, 2, 3, '', 1, NULL, NULL, 2, 1, NULL, '2025-12-02 13:33:26', NULL, '2025-12-02 13:33:26'),
(233, 'Sambit Pattanik IIM-B', 'induwanchoobhan@gmail.com', '+919620102000', NULL, NULL, NULL, 'M', NULL, NULL, NULL, NULL, NULL, NULL, NULL, NULL, NULL, 72, NULL, 2, 3, '', 1, NULL, NULL, 2, 1, NULL, '2025-12-02 13:33:26', NULL, '2025-12-02 13:33:26'),
(234, 'Indu Baan', '', '+919632241006', NULL, NULL, NULL, 'F', NULL, NULL, NULL, NULL, NULL, NULL, NULL, NULL, NULL, NULL, NULL, 2, 3, '', 1, NULL, NULL, 2, 1, NULL, '2025-12-02 13:33:26', NULL, '2025-12-02 13:33:26'),
(235, 'Sunita BMP', 'souvikg@gmail.com', '+919632280795', NULL, NULL, NULL, 'F', NULL, NULL, NULL, NULL, NULL, NULL, NULL, NULL, NULL, NULL, NULL, 2, 3, '', 1, NULL, NULL, 2, 1, NULL, '2025-12-02 13:33:26', NULL, '2025-12-02 13:33:26'),
(236, 'Krithiga Sivaraman', 'krithiga.siva@gmail.com', '+919740599022', NULL, NULL, NULL, 'F', NULL, NULL, NULL, NULL, NULL, NULL, NULL, NULL, NULL, NULL, NULL, 3, 4, '', 1, NULL, NULL, 10, 1, NULL, '2025-12-02 13:33:26', NULL, '2025-12-02 13:33:26'),
(237, 'Sonika Goyal', '', '+919686431923', NULL, NULL, NULL, 'F', NULL, NULL, NULL, NULL, NULL, NULL, NULL, NULL, NULL, NULL, NULL, 3, 4, '', 1, NULL, NULL, 2, 1, NULL, '2025-12-02 13:33:26', NULL, '2025-12-02 13:33:26'),
(238, 'Nidhi Gupta', 'kumarak_kannan@yahoo.com', '+919871116355', NULL, NULL, NULL, 'F', NULL, NULL, NULL, NULL, NULL, NULL, NULL, NULL, NULL, NULL, NULL, 2, 3, '', 1, NULL, NULL, 2, 1, NULL, '2025-12-02 13:33:26', NULL, '2025-12-02 13:33:26'),
(239, 'Dileep Kumar K.P', '', '+919902541841', NULL, NULL, NULL, 'M', NULL, NULL, NULL, NULL, NULL, NULL, NULL, NULL, NULL, NULL, NULL, 2, 3, '', 1, NULL, NULL, 2, 1, NULL, '2025-12-02 13:33:26', NULL, '2025-12-02 13:33:26'),
(240, 'Ella Singh', '', '+919916781320', NULL, NULL, NULL, 'F', NULL, NULL, NULL, NULL, NULL, NULL, NULL, NULL, NULL, NULL, NULL, 3, 4, '', 1, NULL, NULL, 2, 1, NULL, '2025-12-02 13:33:26', NULL, '2025-12-02 13:33:26'),
(241, 'Ashok Bala Reddy', '', '+919920988121', NULL, NULL, NULL, 'M', NULL, NULL, NULL, NULL, NULL, NULL, NULL, NULL, NULL, NULL, NULL, 2, 3, '', 1, NULL, NULL, 2, 1, NULL, '2025-12-02 13:33:26', NULL, '2025-12-02 13:33:26'),
(242, 'Vijay kumar deshpande', '', '+919958788550', NULL, NULL, NULL, 'M', NULL, NULL, NULL, NULL, NULL, NULL, NULL, NULL, NULL, NULL, NULL, 2, 3, '', 1, NULL, NULL, 2, 1, NULL, '2025-12-02 13:33:26', NULL, '2025-12-02 13:33:26'),
(243, 'Nidhi Iyer', '', '+919972622163', NULL, NULL, NULL, 'F', NULL, NULL, NULL, NULL, NULL, NULL, NULL, NULL, NULL, NULL, NULL, 2, 3, '', 1, NULL, NULL, 2, 1, NULL, '2025-12-02 13:33:26', NULL, '2025-12-02 13:33:26'),
(244, 'Vaijayanthi Rout', '', '+919980556772', NULL, NULL, NULL, 'F', NULL, NULL, NULL, NULL, NULL, NULL, NULL, NULL, NULL, NULL, NULL, 2, 3, '', 1, NULL, NULL, 2, 1, NULL, '2025-12-02 13:33:26', NULL, '2025-12-02 13:33:26'),
(245, 'Shobhit Trivedi', '', '+919986218417', NULL, NULL, NULL, 'M', NULL, NULL, NULL, NULL, NULL, NULL, NULL, NULL, NULL, NULL, NULL, 2, 3, '', 1, NULL, NULL, 2, 1, NULL, '2025-12-02 13:33:26', NULL, '2025-12-02 13:33:26'),
(246, 'Ravindra Reddy', '', '+919036573820', NULL, NULL, NULL, 'M', NULL, NULL, NULL, NULL, NULL, NULL, NULL, NULL, NULL, 38, NULL, 2, 3, '', 1, NULL, NULL, 2, 1, NULL, '2025-12-02 13:33:26', NULL, '2025-12-02 13:33:26'),
(247, 'Subramanian Venkataraman', '', '+919620207659', NULL, NULL, NULL, 'M', NULL, NULL, NULL, NULL, NULL, NULL, NULL, NULL, NULL, NULL, NULL, 2, 3, '', 1, NULL, NULL, 2, 1, NULL, '2025-12-02 13:33:26', NULL, '2025-12-02 13:33:26'),
(248, 'Geetika', '', '+919686100600', NULL, NULL, NULL, 'F', NULL, NULL, NULL, NULL, NULL, NULL, NULL, NULL, NULL, 38, NULL, 2, 3, '', 1, NULL, NULL, 2, 1, NULL, '2025-12-02 13:33:26', NULL, '2025-12-02 13:33:26'),
(249, 'Vivek', '', '+919686952300', NULL, NULL, NULL, 'M', NULL, NULL, NULL, NULL, NULL, NULL, NULL, NULL, NULL, NULL, NULL, 2, 3, '', 1, NULL, NULL, 2, 1, NULL, '2025-12-02 13:33:26', NULL, '2025-12-02 13:33:26'),
(250, 'Naga Chaitanya', '', '+919845710228', NULL, NULL, NULL, 'F', NULL, NULL, NULL, NULL, NULL, NULL, NULL, NULL, NULL, NULL, NULL, 2, 3, '', 1, NULL, NULL, 2, 1, NULL, '2025-12-02 13:33:26', NULL, '2025-12-02 13:33:26'),
(251, 'Aryan Tiwari', '', '+919880753164', NULL, NULL, NULL, 'M', NULL, NULL, NULL, NULL, NULL, NULL, NULL, NULL, NULL, NULL, NULL, 2, 3, '', 1, NULL, NULL, 2, 1, NULL, '2025-12-02 13:33:26', NULL, '2025-12-02 13:33:26'),
(252, 'Charu Thatai', '', '+919731037278', NULL, NULL, NULL, 'F', NULL, NULL, NULL, NULL, NULL, NULL, NULL, NULL, NULL, NULL, NULL, 2, 3, '', 1, NULL, NULL, 2, 1, NULL, '2025-12-02 13:33:26', NULL, '2025-12-02 13:33:26'),
(253, 'Rajan PSN 2135', '', '+919920403848', NULL, NULL, NULL, 'M', NULL, NULL, NULL, NULL, NULL, NULL, NULL, NULL, NULL, NULL, NULL, 2, 3, '', 1, NULL, NULL, 2, 1, NULL, '2025-12-02 13:33:26', NULL, '2025-12-02 13:33:26'),
(254, 'Pooja Lade', '', '+919741003031', NULL, NULL, NULL, 'F', NULL, NULL, NULL, NULL, NULL, NULL, NULL, NULL, NULL, NULL, NULL, 1, 2, '', 1, NULL, NULL, 2, 1, NULL, '2025-12-02 13:33:26', NULL, '2025-12-02 13:33:26'),
(255, 'Vishnupriya', '', '+919538154735', NULL, NULL, NULL, 'F', NULL, NULL, NULL, NULL, NULL, NULL, NULL, NULL, NULL, NULL, NULL, 2, 3, '', 1, NULL, NULL, 2, 1, NULL, '2025-12-02 13:33:26', NULL, '2025-12-02 13:33:26'),
(256, 'Anita Varshney', '', '+919313194322', NULL, NULL, NULL, 'F', NULL, NULL, NULL, NULL, NULL, NULL, NULL, NULL, NULL, NULL, NULL, 1, 2, '', 1, NULL, NULL, 2, 1, NULL, '2025-12-02 13:33:26', NULL, '2025-12-02 13:33:26'),
(257, 'Babita Gupta', '', '+919140464763', NULL, NULL, NULL, 'F', NULL, NULL, NULL, NULL, NULL, NULL, NULL, NULL, NULL, 34, NULL, 1, 2, '', 1, NULL, NULL, 2, 1, NULL, '2025-12-02 13:33:26', NULL, '2025-12-02 13:33:26'),
(258, 'Lakshman', '', '+919880453387', NULL, NULL, NULL, 'M', NULL, NULL, NULL, NULL, NULL, NULL, NULL, NULL, NULL, NULL, NULL, 1, 2, '', 1, NULL, NULL, 2, 1, NULL, '2025-12-02 13:33:26', NULL, '2025-12-02 13:33:26'),
(259, 'Manju Pahwa', '', '+917892532529', NULL, NULL, NULL, 'F', NULL, NULL, NULL, NULL, NULL, NULL, NULL, NULL, NULL, NULL, NULL, 2, 3, '', 1, NULL, NULL, 2, 1, NULL, '2025-12-02 13:33:26', NULL, '2025-12-02 13:33:26'),
(260, 'Namish Gupta', '', '+918197849060', NULL, NULL, NULL, 'M', NULL, NULL, NULL, NULL, NULL, NULL, NULL, NULL, NULL, 32, NULL, 1, 2, '', 1, NULL, NULL, 2, 1, NULL, '2025-12-02 13:33:26', NULL, '2025-12-02 13:33:26'),
(261, 'Neeraj Tiwari', '', '+919945043826', NULL, NULL, NULL, 'F', NULL, NULL, NULL, NULL, NULL, NULL, NULL, NULL, NULL, NULL, NULL, 1, 2, '', 1, NULL, NULL, 2, 1, NULL, '2025-12-02 13:33:26', NULL, '2025-12-02 13:33:26'),
(262, 'Pavani Chirala', '', '+919845676325', NULL, NULL, NULL, 'F', NULL, NULL, NULL, NULL, NULL, NULL, NULL, NULL, NULL, NULL, NULL, 1, 2, '', 1, NULL, NULL, 2, 1, NULL, '2025-12-02 13:33:26', NULL, '2025-12-02 13:33:26'),
(263, 'Aravind Kumar Sahu', '', '+919769008435', NULL, NULL, NULL, 'M', NULL, NULL, NULL, NULL, NULL, NULL, NULL, NULL, NULL, NULL, NULL, 1, 2, '', 1, NULL, NULL, 5, 1, NULL, '2025-12-02 13:33:26', NULL, '2025-12-02 13:33:26'),
(264, 'Ram Goyal', '', '+919900100581', NULL, NULL, NULL, 'M', NULL, NULL, NULL, NULL, NULL, NULL, NULL, NULL, NULL, NULL, NULL, 1, 2, '', 1, NULL, NULL, 2, 1, NULL, '2025-12-02 13:33:26', NULL, '2025-12-02 13:33:26'),
(265, 'Rupali', '', '+919900537744', NULL, NULL, NULL, 'F', NULL, NULL, NULL, NULL, NULL, NULL, NULL, NULL, NULL, NULL, NULL, 1, 2, '', 1, NULL, NULL, 2, 1, NULL, '2025-12-02 13:33:26', NULL, '2025-12-02 13:33:26'),
(266, 'Sanatana Goyal', '', '+919731320704', NULL, NULL, NULL, 'M', NULL, NULL, NULL, NULL, NULL, NULL, NULL, NULL, NULL, NULL, NULL, 1, 2, '', 1, NULL, NULL, 2, 1, NULL, '2025-12-02 13:33:26', NULL, '2025-12-02 13:33:26'),
(267, 'Shikha Airen', '', '+919535208004', NULL, NULL, NULL, 'F', NULL, NULL, NULL, NULL, NULL, NULL, NULL, NULL, NULL, NULL, NULL, 1, 2, '', 1, NULL, NULL, 2, 1, NULL, '2025-12-02 13:33:26', NULL, '2025-12-02 13:33:26'),
(268, 'Shruti Kant', '', '+919742667999', NULL, NULL, NULL, 'F', NULL, NULL, NULL, NULL, NULL, NULL, NULL, NULL, NULL, NULL, NULL, 1, 2, '', 1, NULL, NULL, 2, 1, NULL, '2025-12-02 13:33:26', NULL, '2025-12-02 13:33:26'),
(269, 'Tripti Mishra', '', '+917406485824', NULL, NULL, NULL, 'F', NULL, NULL, NULL, NULL, NULL, NULL, NULL, NULL, NULL, NULL, NULL, 1, 2, '', 1, NULL, NULL, 2, 1, NULL, '2025-12-02 13:33:26', NULL, '2025-12-02 13:33:26'),
(270, 'Tulasi (Hema V)', '', '+919886567213', NULL, NULL, NULL, 'F', NULL, NULL, NULL, NULL, NULL, NULL, NULL, NULL, NULL, NULL, NULL, 1, 2, '', 1, NULL, NULL, 2, 1, NULL, '2025-12-02 13:33:26', NULL, '2025-12-02 13:33:26'),
(271, 'Vinay Kumar', '', '+919406711635', NULL, NULL, NULL, 'M', NULL, NULL, NULL, NULL, NULL, NULL, NULL, NULL, NULL, NULL, NULL, 1, 2, '', 1, NULL, NULL, 2, 1, NULL, '2025-12-02 13:33:26', NULL, '2025-12-02 13:33:26'),
(272, 'Brahman Mohan Gupta', '', '+919810373885', NULL, NULL, NULL, 'M', NULL, NULL, NULL, NULL, NULL, NULL, NULL, NULL, NULL, NULL, NULL, 4, 5, '', 1, NULL, NULL, 2, 1, NULL, '2025-12-02 13:33:26', NULL, '2025-12-02 13:33:26'),
(273, 'Mangala Gowri', '', '+917204443718', NULL, NULL, NULL, 'F', NULL, NULL, NULL, NULL, NULL, NULL, NULL, NULL, NULL, 70, NULL, 1, 2, '', 1, NULL, NULL, 2, 1, NULL, '2025-12-02 13:33:26', NULL, '2025-12-02 13:33:26'),
(274, 'Chandraprakash Goplani', '', '+919844712305', NULL, NULL, NULL, 'M', NULL, NULL, NULL, NULL, NULL, NULL, NULL, NULL, NULL, NULL, NULL, 1, 2, '', 1, NULL, NULL, 5, 1, NULL, '2025-12-02 13:33:26', NULL, '2025-12-02 13:33:26'),
(275, 'Uma Prasad', '', '+918050969550', NULL, NULL, NULL, 'F', NULL, NULL, NULL, NULL, NULL, NULL, NULL, NULL, NULL, NULL, NULL, 1, 2, '', 1, NULL, NULL, 2, 1, NULL, '2025-12-02 13:33:26', NULL, '2025-12-02 13:33:26'),
(276, 'Soundarya J', '', '+918098571388', NULL, NULL, NULL, 'F', NULL, NULL, NULL, NULL, NULL, NULL, NULL, NULL, NULL, NULL, NULL, 1, 2, '', 1, NULL, NULL, 2, 1, NULL, '2025-12-02 13:33:26', NULL, '2025-12-02 13:33:26'),
(277, 'BMP Berkha Bhatia', '', '+918826557296', NULL, NULL, NULL, 'F', NULL, NULL, NULL, NULL, NULL, NULL, NULL, NULL, NULL, 10, NULL, 1, 2, '', 1, NULL, NULL, 2, 1, NULL, '2025-12-02 13:33:26', NULL, '2025-12-02 13:33:26'),
(278, 'Vijaya Lakshmi', '', '+919036624349', NULL, NULL, NULL, 'F', NULL, NULL, NULL, NULL, NULL, NULL, NULL, NULL, NULL, NULL, NULL, 1, 2, '', 1, NULL, NULL, 2, 1, NULL, '2025-12-02 13:33:26', NULL, '2025-12-02 13:33:26'),
(279, 'Anindya Chandra', 'anindya.chandra@rbc.com', '+919343852480', NULL, NULL, NULL, 'M', NULL, NULL, NULL, NULL, NULL, NULL, NULL, NULL, NULL, NULL, NULL, 1, 2, '', 1, NULL, NULL, 2, 1, NULL, '2025-12-02 13:33:26', NULL, '2025-12-02 13:33:26'),
(280, 'Suresh Babu', '', '+919844979869', NULL, NULL, NULL, 'M', NULL, NULL, NULL, NULL, NULL, NULL, NULL, NULL, NULL, NULL, NULL, 1, 2, '', 1, NULL, NULL, 5, 1, NULL, '2025-12-02 13:33:26', NULL, '2025-12-02 13:33:26'),
(281, 'Ravi Narasimha', 'usha_raghu.kamath@yahoo.co.in', '+919845013165', NULL, NULL, NULL, 'M', NULL, NULL, NULL, NULL, NULL, NULL, NULL, NULL, NULL, 28, NULL, 1, 2, '', 1, NULL, NULL, 2, 1, NULL, '2025-12-02 13:33:26', NULL, '2025-12-02 13:33:26'),
(282, 'Meenakshi Mishra', '', '+919663727112', NULL, NULL, NULL, 'F', NULL, NULL, NULL, NULL, NULL, NULL, NULL, NULL, NULL, NULL, NULL, 2, 3, '', 1, NULL, NULL, 2, 1, NULL, '2025-12-02 13:33:26', NULL, '2025-12-02 13:33:26'),
(283, 'Kundan Chand', '', '+919686196600', NULL, NULL, NULL, 'M', NULL, NULL, NULL, NULL, NULL, NULL, NULL, NULL, NULL, NULL, NULL, 1, 2, '', 1, NULL, NULL, 2, 1, NULL, '2025-12-02 13:33:26', NULL, '2025-12-02 13:33:26'),
(284, 'Sharada Nalgonda', '', '+919740532764', NULL, NULL, NULL, 'F', NULL, NULL, NULL, NULL, NULL, NULL, NULL, NULL, NULL, NULL, NULL, 1, 2, '', 1, NULL, NULL, 2, 1, NULL, '2025-12-02 13:33:26', NULL, '2025-12-02 13:33:26'),
(285, 'Dr. Nividita', 'mala.mano@hotmail.com', '+919742333612', NULL, NULL, NULL, 'F', NULL, NULL, NULL, NULL, NULL, NULL, NULL, NULL, NULL, NULL, NULL, 1, 2, '', 1, NULL, NULL, 2, 1, NULL, '2025-12-02 13:33:26', NULL, '2025-12-02 13:33:26'),
(286, 'Usha Raghunath', 'rdk2109@gmail.com', '+919845106915', NULL, NULL, NULL, 'F', NULL, NULL, NULL, NULL, NULL, NULL, NULL, NULL, NULL, NULL, NULL, 2, 3, '', 1, NULL, NULL, 2, 1, NULL, '2025-12-02 13:33:26', NULL, '2025-12-02 13:33:26'),
(287, 'G S Raju', '', '+919845171461', NULL, NULL, NULL, 'M', NULL, NULL, NULL, NULL, NULL, NULL, NULL, NULL, NULL, 27, NULL, NULL, NULL, '', 1, NULL, NULL, 5, 1, NULL, '2025-12-02 13:33:26', NULL, '2025-12-02 13:33:26'),
(288, 'Susitra Chandrabose', '', '+919845163199', NULL, NULL, NULL, 'F', NULL, NULL, NULL, NULL, NULL, NULL, NULL, NULL, NULL, NULL, NULL, 1, 2, '', 1, NULL, NULL, 2, 1, NULL, '2025-12-02 13:33:26', NULL, '2025-12-02 13:33:26'),
(289, 'Karthikeyan', '', '+919880433555', NULL, NULL, NULL, 'M', NULL, NULL, NULL, NULL, NULL, NULL, NULL, NULL, NULL, NULL, NULL, 1, 2, '', 1, NULL, NULL, 2, 1, NULL, '2025-12-02 13:33:26', NULL, '2025-12-02 13:33:26'),
(290, 'Sandeep Vasudev', '', '+919880444352', NULL, NULL, NULL, 'M', NULL, NULL, NULL, NULL, NULL, NULL, NULL, NULL, NULL, NULL, NULL, 1, 2, '', 1, NULL, NULL, 2, 1, NULL, '2025-12-02 13:33:26', NULL, '2025-12-02 13:33:26'),
(291, 'Shilpa Shri', 'varshathakurchauhan@gmail.com', '+919880455533', NULL, NULL, NULL, 'F', NULL, NULL, NULL, NULL, NULL, NULL, NULL, NULL, NULL, NULL, NULL, 1, 2, '', 1, NULL, NULL, 2, 1, NULL, '2025-12-02 13:33:26', NULL, '2025-12-02 13:33:26'),
(292, 'Varsha Thakur', '', '+919886781697', NULL, NULL, NULL, 'F', NULL, NULL, NULL, NULL, NULL, NULL, NULL, NULL, NULL, NULL, NULL, 1, 2, '', 1, NULL, NULL, 2, 1, NULL, '2025-12-02 13:33:26', NULL, '2025-12-02 13:33:26'),
(293, 'Indranil Das', 'dileepkumarkp@gmail.com', '+919900210527', NULL, NULL, NULL, 'M', NULL, NULL, NULL, NULL, NULL, NULL, NULL, NULL, NULL, NULL, NULL, 1, 2, '', 1, NULL, NULL, 2, 1, NULL, '2025-12-02 13:33:26', NULL, '2025-12-02 13:33:26'),
(294, 'Pramood Prabhakar', '', '+919900869923', NULL, NULL, NULL, 'M', NULL, NULL, NULL, NULL, NULL, NULL, NULL, NULL, NULL, NULL, NULL, 1, 2, '', 1, NULL, NULL, 2, 1, NULL, '2025-12-02 13:33:26', NULL, '2025-12-02 13:33:26'),
(295, 'Lakshmi A S', '', '+919845690588', NULL, NULL, NULL, 'F', NULL, NULL, NULL, NULL, NULL, NULL, NULL, NULL, NULL, 27, NULL, 1, 2, '', 1, NULL, NULL, 5, 1, NULL, '2025-12-02 13:33:26', NULL, '2025-12-02 13:33:26'),
(296, 'Theanmozhi', '', '+919945278736', NULL, NULL, NULL, 'F', NULL, NULL, NULL, NULL, NULL, NULL, NULL, NULL, NULL, NULL, NULL, 2, 3, '', 1, NULL, NULL, 2, 1, NULL, '2025-12-02 13:33:26', NULL, '2025-12-02 13:33:26'),
(297, 'Sanjiv Banerjee', '', '+919972104769', NULL, NULL, NULL, 'M', NULL, NULL, NULL, NULL, NULL, NULL, NULL, NULL, NULL, NULL, NULL, 1, 2, '', 1, NULL, NULL, 2, 1, NULL, '2025-12-02 13:33:26', NULL, '2025-12-02 13:33:26'),
(298, 'Brahma Dutt', '', '+919871920282', NULL, NULL, NULL, 'M', NULL, NULL, NULL, NULL, NULL, NULL, NULL, NULL, NULL, NULL, NULL, 1, 2, '', 1, NULL, NULL, 9, 1, NULL, '2025-12-02 13:33:26', NULL, '2025-12-02 13:33:26'),
(299, 'Sanjay BLF', '', '+918088458675', NULL, NULL, NULL, 'M', NULL, NULL, NULL, NULL, NULL, NULL, NULL, NULL, NULL, NULL, NULL, 1, 2, '', 1, NULL, NULL, 2, 1, NULL, '2025-12-02 13:33:26', NULL, '2025-12-02 13:33:26'),
(300, 'Bandana', '', '+918106001496', NULL, NULL, NULL, 'F', NULL, NULL, NULL, NULL, NULL, NULL, NULL, NULL, NULL, NULL, NULL, 1, 2, '', 1, NULL, NULL, 2, 1, NULL, '2025-12-02 13:33:26', NULL, '2025-12-02 13:33:26'),
(301, 'Kannan', '', '+919886396240', NULL, NULL, NULL, 'M', NULL, NULL, NULL, NULL, NULL, NULL, NULL, NULL, NULL, NULL, NULL, 5, 6, '', 1, NULL, NULL, 2, 1, NULL, '2025-12-02 13:33:26', NULL, '2025-12-02 13:33:26'),
(302, 'Samiksha', '', '+919145646661', NULL, NULL, NULL, 'F', NULL, NULL, NULL, NULL, NULL, NULL, NULL, NULL, NULL, NULL, NULL, 1, 2, '', 1, NULL, NULL, 2, 1, NULL, '2025-12-02 13:33:26', NULL, '2025-12-02 13:33:26'),
(303, 'Pooja Soni', '', '+919242109063', NULL, NULL, NULL, 'F', NULL, NULL, NULL, NULL, NULL, NULL, NULL, NULL, NULL, NULL, NULL, 1, 2, '', 1, NULL, NULL, 2, 1, NULL, '2025-12-02 13:33:26', NULL, '2025-12-02 13:33:26'),
(304, 'Manasa', '', '+919513392847', NULL, NULL, NULL, 'F', NULL, NULL, NULL, NULL, NULL, NULL, NULL, NULL, NULL, NULL, NULL, 1, 2, '', 1, NULL, NULL, 2, 1, NULL, '2025-12-02 13:33:26', NULL, '2025-12-02 13:33:26'),
(305, 'Kirti B Nair', '', '+919535697427', NULL, NULL, NULL, 'F', NULL, NULL, NULL, NULL, NULL, NULL, NULL, NULL, NULL, 69, NULL, 1, 2, '', 1, NULL, NULL, 2, 1, NULL, '2025-12-02 13:33:26', NULL, '2025-12-02 13:33:26'),
(306, 'Smarika Verma', '', '+919560689419', NULL, NULL, NULL, 'F', NULL, NULL, NULL, NULL, NULL, NULL, NULL, NULL, NULL, NULL, NULL, 1, 2, '', 1, NULL, NULL, 2, 1, NULL, '2025-12-02 13:33:26', NULL, '2025-12-02 13:33:26'),
(307, 'Anju Nayal', '', '+919591502004', NULL, NULL, NULL, 'F', NULL, NULL, NULL, NULL, NULL, NULL, NULL, NULL, NULL, NULL, NULL, 1, 2, '', 1, NULL, NULL, 2, 1, NULL, '2025-12-02 13:33:26', NULL, '2025-12-02 13:33:26'),
(308, 'Nikhil Nayal', '', '+919591512004', NULL, NULL, NULL, 'M', NULL, NULL, NULL, NULL, NULL, NULL, NULL, NULL, NULL, NULL, NULL, 1, 2, '', 1, NULL, NULL, 2, 1, NULL, '2025-12-02 13:33:26', NULL, '2025-12-02 13:33:26'),
(309, 'Ananyas Sen', '', '+919599432662', NULL, NULL, NULL, 'F', NULL, NULL, NULL, NULL, NULL, NULL, NULL, NULL, NULL, 10, NULL, 1, 2, '', 1, NULL, NULL, 2, 1, NULL, '2025-12-02 13:33:26', NULL, '2025-12-02 13:33:26'),
(310, 'Archana Shukla', '', '+919611056404', NULL, NULL, NULL, 'F', NULL, NULL, NULL, NULL, NULL, NULL, NULL, NULL, NULL, NULL, NULL, 1, 2, '', 1, NULL, NULL, 2, 1, NULL, '2025-12-02 13:33:26', NULL, '2025-12-02 13:33:26'),
(311, 'Aditi', '', '+919643512894', NULL, NULL, NULL, 'F', NULL, NULL, NULL, NULL, NULL, NULL, NULL, NULL, NULL, NULL, NULL, 1, 2, '', 1, NULL, NULL, 2, 1, NULL, '2025-12-02 13:33:26', NULL, '2025-12-02 13:33:26'),
(312, 'Pravesh', '', '+919740578207', NULL, NULL, NULL, 'M', NULL, NULL, NULL, NULL, NULL, NULL, NULL, NULL, NULL, NULL, NULL, 1, 2, '', 1, NULL, NULL, 2, 1, NULL, '2025-12-02 13:33:26', NULL, '2025-12-02 13:33:26'),
(313, 'Amit Ramavat', '', '+919741021571', NULL, NULL, NULL, 'M', NULL, NULL, NULL, NULL, NULL, NULL, NULL, NULL, NULL, NULL, NULL, 1, 2, '', 1, NULL, NULL, 2, 1, NULL, '2025-12-02 13:33:26', NULL, '2025-12-02 13:33:26'),
(314, 'Ayush Lakhotia', '', '+919831005677', NULL, NULL, NULL, 'M', NULL, NULL, NULL, NULL, NULL, NULL, NULL, NULL, NULL, NULL, NULL, 1, 2, '', 1, NULL, NULL, 2, 1, NULL, '2025-12-02 13:33:26', NULL, '2025-12-02 13:33:26'),
(315, 'Ravi Kiran ( Nivedita''s Husband)', '', '+919845727811', NULL, NULL, NULL, 'M', NULL, NULL, NULL, NULL, NULL, NULL, NULL, NULL, NULL, NULL, NULL, 1, 2, '', 1, NULL, NULL, 2, 1, NULL, '2025-12-02 13:33:26', NULL, '2025-12-02 13:33:26'),
(316, 'Amruta Muddamsetti', '', '+919866820735', NULL, NULL, NULL, 'F', NULL, NULL, NULL, NULL, NULL, NULL, NULL, NULL, NULL, 38, NULL, 1, 2, '', 1, NULL, NULL, 2, 1, NULL, '2025-12-02 13:33:26', NULL, '2025-12-02 13:33:26'),
(317, 'Pavithra Shivanna', '', '+919900445252', NULL, NULL, NULL, 'F', NULL, NULL, NULL, NULL, NULL, NULL, NULL, NULL, NULL, 70, NULL, 1, 2, '', 1, NULL, NULL, 2, 1, NULL, '2025-12-02 13:33:26', NULL, '2025-12-02 13:33:26'),
(318, 'Padamaja', '', '+919900877811', NULL, NULL, NULL, 'F', NULL, NULL, NULL, NULL, NULL, NULL, NULL, NULL, NULL, NULL, NULL, 1, 2, '', 1, NULL, NULL, 2, 1, NULL, '2025-12-02 13:33:26', NULL, '2025-12-02 13:33:26'),
(319, 'Neha Agarwal', '', '+919901250951', NULL, NULL, NULL, 'F', NULL, NULL, NULL, NULL, NULL, NULL, NULL, NULL, NULL, NULL, NULL, 1, 2, '', 1, NULL, NULL, 2, 1, NULL, '2025-12-02 13:33:26', NULL, '2025-12-02 13:33:26'),
(320, 'Bharti PSM 2135', '', '+919920656129', NULL, NULL, NULL, 'F', NULL, NULL, NULL, NULL, NULL, NULL, NULL, NULL, NULL, NULL, NULL, 1, 2, '', 1, NULL, NULL, 2, 1, NULL, '2025-12-02 13:33:26', NULL, '2025-12-02 13:33:26'),
(321, 'Bhagyashree', '', '+919945882299', NULL, NULL, NULL, 'F', NULL, NULL, NULL, NULL, NULL, NULL, NULL, NULL, NULL, NULL, NULL, 1, 2, '', 1, NULL, NULL, 2, 1, NULL, '2025-12-02 13:33:26', NULL, '2025-12-02 13:33:26'),
(322, 'Anju', '', '+919958418641', NULL, NULL, NULL, 'F', NULL, NULL, NULL, NULL, NULL, NULL, NULL, NULL, NULL, NULL, NULL, 1, 2, '', 1, NULL, NULL, 2, 1, NULL, '2025-12-02 13:33:26', NULL, '2025-12-02 13:33:26'),
(323, 'Swaraj Mishra', '', '+919999624040', NULL, NULL, NULL, 'M', NULL, NULL, NULL, NULL, NULL, NULL, NULL, NULL, NULL, NULL, NULL, 1, 2, '', 1, NULL, NULL, 2, 1, NULL, '2025-12-02 13:33:26', NULL, '2025-12-02 13:33:26'),
(324, 'Chaya', '', '+919449129183', NULL, NULL, NULL, 'F', NULL, NULL, NULL, NULL, NULL, NULL, NULL, NULL, NULL, 30, NULL, 1, 2, '', 1, NULL, NULL, 2, 1, NULL, '2025-12-02 13:33:26', NULL, '2025-12-02 13:33:26'),
(325, 'Kalai Selvi J', '', '+919972160115', NULL, NULL, NULL, 'F', NULL, NULL, NULL, NULL, NULL, NULL, NULL, NULL, NULL, NULL, NULL, 1, 2, '', 1, NULL, NULL, 2, 1, NULL, '2025-12-02 13:33:26', NULL, '2025-12-02 13:33:26'),
(326, 'Komal  (Brigade Gateway)', '', '+919611243630', NULL, NULL, NULL, 'F', NULL, NULL, NULL, NULL, NULL, NULL, NULL, NULL, NULL, NULL, NULL, 1, 2, '', 1, NULL, NULL, 2, 1, NULL, '2025-12-02 13:33:26', NULL, '2025-12-02 13:33:26'),
(327, 'Prashant (PSN-T-17)', '', '+919663319320', NULL, NULL, NULL, 'M', NULL, NULL, NULL, NULL, NULL, NULL, NULL, NULL, NULL, NULL, NULL, 1, 2, '', 1, NULL, NULL, 2, 1, NULL, '2025-12-02 13:33:26', NULL, '2025-12-02 13:33:26'),
(328, 'Rangaswami - JPN', '', '+919449129184', NULL, NULL, NULL, 'M', NULL, NULL, NULL, NULL, NULL, NULL, NULL, NULL, NULL, 30, NULL, 1, 2, '', 1, NULL, NULL, 2, 1, NULL, '2025-12-02 13:33:26', NULL, '2025-12-02 13:33:26'),
(329, 'Subrat Charu', '', '+919886101932', NULL, NULL, NULL, 'M', NULL, NULL, NULL, NULL, NULL, NULL, NULL, NULL, NULL, NULL, NULL, 1, 2, '', 1, NULL, NULL, 2, 1, NULL, '2025-12-02 13:33:26', NULL, '2025-12-02 13:33:26'),
(330, 'Sunita (Brigade Gateway)', '', '+919820616044', NULL, NULL, NULL, 'F', NULL, NULL, NULL, NULL, NULL, NULL, NULL, NULL, NULL, NULL, NULL, 2, 3, '', 1, NULL, NULL, 2, 1, NULL, '2025-12-02 13:33:26', NULL, '2025-12-02 13:33:26'),
(331, 'Annapoorni', '', '+917899520018', NULL, NULL, NULL, 'F', NULL, NULL, NULL, NULL, NULL, NULL, NULL, NULL, NULL, NULL, NULL, NULL, 1, '', 1, NULL, NULL, 2, 1, NULL, '2025-12-02 13:33:26', NULL, '2025-12-02 13:33:26'),
(332, 'Souvik Kr Ghosh', 'souvikg@gmail.com', '+918197742288', NULL, NULL, NULL, 'M', NULL, NULL, NULL, NULL, NULL, NULL, NULL, NULL, NULL, NULL, NULL, NULL, 1, '', 1, NULL, NULL, 2, 1, NULL, '2025-12-02 13:33:26', NULL, '2025-12-02 13:33:26'),
(333, 'Rakesh Grover', '', '+918971200116', NULL, NULL, NULL, 'M', NULL, NULL, NULL, NULL, NULL, NULL, NULL, NULL, NULL, NULL, NULL, NULL, 1, '', 1, NULL, NULL, 2, 1, NULL, '2025-12-02 13:33:26', NULL, '2025-12-02 13:33:26'),
(334, 'Atul Kumar Mallik', '', '+919427613747', NULL, NULL, NULL, 'M', NULL, NULL, NULL, NULL, NULL, NULL, NULL, NULL, NULL, NULL, NULL, NULL, 1, '', 1, NULL, NULL, 2, 1, NULL, '2025-12-02 13:33:26', NULL, '2025-12-02 13:33:26'),
(335, 'Sivakumar R', '', '+919845665955', NULL, NULL, NULL, 'M', NULL, NULL, NULL, NULL, NULL, NULL, NULL, NULL, NULL, NULL, NULL, NULL, 1, '', 1, NULL, NULL, 2, 1, NULL, '2025-12-02 13:33:26', NULL, '2025-12-02 13:33:26'),
(336, 'Devender Chauhan', '', '+919886780467', NULL, NULL, NULL, 'M', NULL, NULL, NULL, NULL, NULL, NULL, NULL, NULL, NULL, NULL, NULL, NULL, 1, '', 1, NULL, NULL, 2, 1, NULL, '2025-12-02 13:33:26', NULL, '2025-12-02 13:33:26'),
(337, 'Manoj Sapra', '', '+918058863143', NULL, NULL, NULL, 'M', NULL, NULL, NULL, NULL, NULL, NULL, NULL, NULL, NULL, NULL, NULL, NULL, 1, '', 1, NULL, NULL, 2, 1, NULL, '2025-12-02 13:33:26', NULL, '2025-12-02 13:33:26'),
(338, 'Gunjan', '', '+916305290453', NULL, NULL, NULL, 'F', NULL, NULL, NULL, NULL, NULL, NULL, NULL, NULL, NULL, NULL, NULL, NULL, 1, '', 1, NULL, NULL, 2, 1, NULL, '2025-12-02 13:33:26', NULL, '2025-12-02 13:33:26'),
(339, 'Madhu', '', '+917020313505', NULL, NULL, NULL, 'F', NULL, NULL, NULL, NULL, NULL, NULL, NULL, NULL, NULL, NULL, NULL, NULL, 1, '', 1, NULL, NULL, 2, 1, NULL, '2025-12-02 13:33:26', NULL, '2025-12-02 13:33:26'),
(340, 'Vidya Nair', 'bubblesbee@gmail.com', '+919886495014', NULL, NULL, NULL, 'F', NULL, NULL, NULL, NULL, NULL, NULL, NULL, NULL, NULL, NULL, NULL, 1, 2, '', 1, NULL, NULL, 2, 1, NULL, '2025-12-02 13:33:26', NULL, '2025-12-02 13:33:26'),
(341, 'Prashant Badaal', '', '+917338177575', NULL, NULL, NULL, 'M', NULL, NULL, NULL, NULL, NULL, NULL, NULL, NULL, NULL, NULL, NULL, NULL, 1, '', 1, NULL, NULL, 2, 1, NULL, '2025-12-02 13:33:26', NULL, '2025-12-02 13:33:26'),
(342, 'Sudhakshina Jha', '', '+917387971353', NULL, NULL, NULL, 'F', NULL, NULL, NULL, NULL, NULL, NULL, NULL, NULL, NULL, NULL, NULL, NULL, 1, '', 1, NULL, NULL, 2, 1, NULL, '2025-12-02 13:33:26', NULL, '2025-12-02 13:33:26'),
(343, 'Manasi Bhattacharjee', '', '+917595997299', NULL, NULL, NULL, 'F', NULL, NULL, NULL, NULL, NULL, NULL, NULL, NULL, NULL, NULL, NULL, NULL, 1, '', 1, NULL, NULL, 2, 1, NULL, '2025-12-02 13:33:26', NULL, '2025-12-02 13:33:26'),
(344, 'Lipsa', '', '+917760983975', NULL, NULL, NULL, 'F', NULL, NULL, NULL, NULL, NULL, NULL, NULL, NULL, NULL, NULL, NULL, NULL, 1, '', 1, NULL, NULL, 2, 1, NULL, '2025-12-02 13:33:26', NULL, '2025-12-02 13:33:26'),
(345, 'SKJ-WF-Nilesh', '', '+917760995246', NULL, NULL, NULL, 'M', NULL, NULL, NULL, NULL, NULL, NULL, NULL, NULL, NULL, NULL, NULL, NULL, 1, '', 1, NULL, NULL, 2, 1, NULL, '2025-12-02 13:33:26', NULL, '2025-12-02 13:33:26'),
(346, 'Kanika', '', '+917829590294', NULL, NULL, NULL, 'F', NULL, NULL, NULL, NULL, NULL, NULL, NULL, NULL, NULL, NULL, NULL, NULL, 1, '', 1, NULL, NULL, 2, 1, NULL, '2025-12-02 13:33:26', NULL, '2025-12-02 13:33:26'),
(347, 'BMP Aditi, (Chhavi Relative)', '', '+917829991516', NULL, NULL, NULL, 'F', NULL, NULL, NULL, NULL, NULL, NULL, NULL, NULL, NULL, NULL, NULL, NULL, 1, '', 1, NULL, NULL, 2, 1, NULL, '2025-12-02 13:33:26', NULL, '2025-12-02 13:33:26'),
(348, 'Garima Gupta BMP C1302', '', '+917838282371', NULL, NULL, NULL, 'F', NULL, NULL, NULL, NULL, NULL, NULL, NULL, NULL, NULL, NULL, NULL, NULL, 1, '', 1, NULL, NULL, 2, 1, NULL, '2025-12-02 13:33:26', NULL, '2025-12-02 13:33:26'),
(349, 'Hari chandan k', '', '+917892911719', NULL, NULL, NULL, 'F', NULL, NULL, NULL, NULL, NULL, NULL, NULL, NULL, NULL, NULL, NULL, NULL, 1, '', 1, NULL, NULL, 2, 1, NULL, '2025-12-02 13:33:26', NULL, '2025-12-02 13:33:26'),
(350, 'Lalitha', '', '+918072061170', NULL, NULL, NULL, 'F', NULL, NULL, NULL, NULL, NULL, NULL, NULL, NULL, NULL, NULL, NULL, NULL, 1, '', 1, NULL, NULL, 2, 1, NULL, '2025-12-02 13:33:26', NULL, '2025-12-02 13:33:26'),
(351, 'Pratibha Singh', '', '+918076522135', NULL, NULL, NULL, 'F', NULL, NULL, NULL, NULL, NULL, NULL, NULL, NULL, NULL, NULL, NULL, NULL, 1, '', 1, NULL, NULL, 2, 1, NULL, '2025-12-02 13:33:26', NULL, '2025-12-02 13:33:26'),
(352, 'Garima Gupta', '', '+918105077115', NULL, NULL, NULL, 'F', NULL, NULL, NULL, NULL, NULL, NULL, NULL, NULL, NULL, NULL, NULL, NULL, 1, '', 1, NULL, NULL, 2, 1, NULL, '2025-12-02 13:33:26', NULL, '2025-12-02 13:33:26'),
(353, 'Rohit Saxena APM', '', '+918105709495', NULL, NULL, NULL, 'M', NULL, NULL, NULL, NULL, NULL, NULL, NULL, NULL, NULL, NULL, NULL, NULL, 1, '', 1, NULL, NULL, 2, 1, NULL, '2025-12-02 13:33:26', NULL, '2025-12-02 13:33:26'),
(354, 'Neha', '', '+918105808508', NULL, NULL, NULL, 'F', NULL, NULL, NULL, NULL, NULL, NULL, NULL, NULL, NULL, NULL, NULL, NULL, 1, '', 1, NULL, NULL, 2, 1, NULL, '2025-12-02 13:33:26', NULL, '2025-12-02 13:33:26'),
(355, 'Dharti', '', '+918197527527', NULL, NULL, NULL, 'F', NULL, NULL, NULL, NULL, NULL, NULL, NULL, NULL, NULL, NULL, NULL, NULL, 1, '', 1, NULL, NULL, 2, 1, NULL, '2025-12-02 13:33:26', NULL, '2025-12-02 13:33:26'),
(356, 'Sunitha Lakshman Kumar', '', '+918277608474', NULL, NULL, NULL, 'F', NULL, NULL, NULL, NULL, NULL, NULL, NULL, NULL, NULL, NULL, NULL, NULL, 1, '', 1, NULL, NULL, 2, 1, NULL, '2025-12-02 13:33:26', NULL, '2025-12-02 13:33:26'),
(357, 'Pooja Parthy', '', '+918335049722', NULL, NULL, NULL, 'F', NULL, NULL, NULL, NULL, NULL, NULL, NULL, NULL, NULL, NULL, NULL, NULL, 1, '', 1, NULL, NULL, 2, 1, NULL, '2025-12-02 13:33:26', NULL, '2025-12-02 13:33:26'),
(358, 'Gaurav Kulshreshtha', '', '+918554961279', NULL, NULL, NULL, 'M', NULL, NULL, NULL, NULL, NULL, NULL, NULL, NULL, NULL, NULL, NULL, NULL, 1, '', 1, NULL, NULL, 2, 1, NULL, '2025-12-02 13:33:26', NULL, '2025-12-02 13:33:26'),
(359, 'Lakshmi 16015', '', '+918600998546', NULL, NULL, NULL, 'F', NULL, NULL, NULL, NULL, NULL, NULL, NULL, NULL, NULL, NULL, NULL, NULL, 1, '', 1, NULL, NULL, 2, 1, NULL, '2025-12-02 13:33:26', NULL, '2025-12-02 13:33:26'),
(360, 'Sri Jyoti Krishna', '', '+918639328989', NULL, NULL, NULL, 'F', NULL, NULL, NULL, NULL, NULL, NULL, NULL, NULL, NULL, NULL, NULL, NULL, 1, '', 1, NULL, NULL, 2, 1, NULL, '2025-12-02 13:33:26', NULL, '2025-12-02 13:33:26'),
(361, 'Anula', '', '+918762012260', NULL, NULL, NULL, 'F', NULL, NULL, NULL, NULL, NULL, NULL, NULL, NULL, NULL, NULL, NULL, NULL, 1, '', 1, NULL, NULL, 2, 1, NULL, '2025-12-02 13:33:26', NULL, '2025-12-02 13:33:26'),
(362, 'Gayathri (ROW)', '', '+918884550961', NULL, NULL, NULL, 'F', NULL, NULL, NULL, NULL, NULL, NULL, NULL, NULL, NULL, NULL, NULL, NULL, 1, '', 1, NULL, NULL, 2, 1, NULL, '2025-12-02 13:33:26', NULL, '2025-12-02 13:33:26'),
(363, 'Anvith', '', '+918904400206', NULL, NULL, NULL, 'F', NULL, NULL, NULL, NULL, NULL, NULL, NULL, NULL, NULL, NULL, NULL, NULL, 1, '', 1, NULL, NULL, 2, 1, NULL, '2025-12-02 13:33:26', NULL, '2025-12-02 13:33:26'),
(364, 'Dr.Swetha', '', '+918971803555', NULL, NULL, NULL, 'F', NULL, NULL, NULL, NULL, NULL, NULL, NULL, NULL, NULL, NULL, NULL, NULL, 1, '', 1, NULL, NULL, 2, 1, NULL, '2025-12-02 13:33:26', NULL, '2025-12-02 13:33:26'),
(365, 'Vijay Lakshmi', '', '+919000212129', NULL, NULL, NULL, 'F', NULL, NULL, NULL, NULL, NULL, NULL, NULL, NULL, NULL, NULL, NULL, NULL, 1, '', 1, NULL, NULL, 2, 1, NULL, '2025-12-02 13:33:26', NULL, '2025-12-02 13:33:26'),
(366, 'Shantanu', '', '+919038000418', NULL, NULL, NULL, 'M', NULL, NULL, NULL, NULL, NULL, NULL, NULL, NULL, NULL, NULL, NULL, NULL, 1, '', 1, NULL, NULL, 2, 1, NULL, '2025-12-02 13:33:26', NULL, '2025-12-02 13:33:26'),
(367, 'BM Anu Sumit A604', '', '+919051114583', NULL, NULL, NULL, 'M', NULL, NULL, NULL, NULL, NULL, NULL, NULL, NULL, NULL, NULL, NULL, NULL, 1, '', 1, NULL, NULL, 2, 1, NULL, '2025-12-02 13:33:26', NULL, '2025-12-02 13:33:26'),
(368, 'Sumit Kapoor-A-604', '', '+919051116176', NULL, NULL, NULL, 'F', NULL, NULL, NULL, NULL, NULL, NULL, NULL, NULL, NULL, NULL, NULL, NULL, 1, '', 1, NULL, NULL, 2, 1, NULL, '2025-12-02 13:33:26', NULL, '2025-12-02 13:33:26'),
(369, 'Pankaj Kumar', '', '+919341065777', NULL, NULL, NULL, 'M', NULL, NULL, NULL, NULL, NULL, NULL, NULL, NULL, NULL, NULL, NULL, NULL, 1, '', 1, NULL, NULL, 2, 1, NULL, '2025-12-02 13:33:26', NULL, '2025-12-02 13:33:26'),
(370, 'Vanita', '', '+919342176723', NULL, NULL, NULL, 'F', NULL, NULL, NULL, NULL, NULL, NULL, NULL, NULL, NULL, NULL, NULL, NULL, 1, '', 1, NULL, NULL, 2, 1, NULL, '2025-12-02 13:33:26', NULL, '2025-12-02 13:33:26'),
(371, 'Samita jayaprakash', '', '+919448923683', NULL, NULL, NULL, 'F', NULL, NULL, NULL, NULL, NULL, NULL, NULL, NULL, NULL, NULL, NULL, NULL, 1, '', 1, NULL, NULL, 2, 1, NULL, '2025-12-02 13:33:26', NULL, '2025-12-02 13:33:26'),
(372, 'Sowmya', '', '+919448937885', NULL, NULL, NULL, 'F', NULL, NULL, NULL, NULL, NULL, NULL, NULL, NULL, NULL, NULL, NULL, NULL, 1, '', 1, NULL, NULL, 2, 1, NULL, '2025-12-02 13:33:26', NULL, '2025-12-02 13:33:26'),
(373, 'Sarmistha', '', '+919483466833', NULL, NULL, NULL, 'F', NULL, NULL, NULL, NULL, NULL, NULL, NULL, NULL, NULL, NULL, NULL, NULL, 1, '', 1, NULL, NULL, 2, 1, NULL, '2025-12-02 13:33:26', NULL, '2025-12-02 13:33:26'),
(374, 'Bandana Prasad I508', '', '+919507577050', NULL, NULL, NULL, 'F', NULL, NULL, NULL, NULL, NULL, NULL, NULL, NULL, NULL, NULL, NULL, NULL, 1, '', 1, NULL, NULL, 2, 1, NULL, '2025-12-02 13:33:26', NULL, '2025-12-02 13:33:26'),
(375, 'Pyush Bansal', '', '+919590052001', NULL, NULL, NULL, 'M', NULL, NULL, NULL, NULL, NULL, NULL, NULL, NULL, NULL, NULL, NULL, NULL, 1, '', 1, NULL, NULL, 2, 1, NULL, '2025-12-02 13:33:26', NULL, '2025-12-02 13:33:26'),
(376, 'Sujatha', '', '+919597394168', NULL, NULL, NULL, 'F', NULL, NULL, NULL, NULL, NULL, NULL, NULL, NULL, NULL, NULL, NULL, NULL, 1, '', 1, NULL, NULL, 2, 1, NULL, '2025-12-02 13:33:26', NULL, '2025-12-02 13:33:26'),
(377, 'Dharma Prakash', '', '+919606384797', NULL, NULL, NULL, 'M', NULL, NULL, NULL, NULL, NULL, NULL, NULL, NULL, NULL, NULL, NULL, NULL, 1, '', 1, NULL, NULL, 2, 1, NULL, '2025-12-02 13:33:26', NULL, '2025-12-02 13:33:26'),
(378, 'Mahalakshmi', '', '+919886659587', NULL, NULL, NULL, 'F', NULL, NULL, NULL, NULL, NULL, NULL, NULL, NULL, NULL, NULL, NULL, 1, 2, '', 1, NULL, NULL, 11, 1, NULL, '2025-12-02 13:33:26', NULL, '2025-12-02 13:33:26'),
(379, 'Rekha Rajvasan', '', '+919886733255', NULL, NULL, NULL, 'F', NULL, NULL, NULL, NULL, NULL, NULL, NULL, NULL, NULL, NULL, NULL, 1, 2, '', 1, NULL, NULL, 7, 1, NULL, '2025-12-02 13:33:26', NULL, '2025-12-02 13:33:26'),
(380, 'Shilpa Bansal', '', '+919620717800', NULL, NULL, NULL, 'F', NULL, NULL, NULL, NULL, NULL, NULL, NULL, NULL, NULL, NULL, NULL, NULL, 1, '', 1, NULL, NULL, 2, 1, NULL, '2025-12-02 13:33:26', NULL, '2025-12-02 13:33:26'),
(381, 'Promila Kapoor', '', '+919632025884', NULL, NULL, NULL, 'F', NULL, NULL, NULL, NULL, NULL, NULL, NULL, NULL, NULL, NULL, NULL, NULL, 1, '', 1, NULL, NULL, 2, 1, NULL, '2025-12-02 13:33:26', NULL, '2025-12-02 13:33:26'),
(382, 'Gopesh Vijay', '', '+919663081133', NULL, NULL, NULL, 'M', NULL, NULL, NULL, NULL, NULL, NULL, NULL, NULL, NULL, NULL, NULL, NULL, 1, '', 1, NULL, NULL, 2, 1, NULL, '2025-12-02 13:33:26', NULL, '2025-12-02 13:33:26'),
(383, 'Rajeev  kansal', '', '+919686663736', NULL, NULL, NULL, 'M', NULL, NULL, NULL, NULL, NULL, NULL, NULL, NULL, NULL, NULL, NULL, NULL, 1, '', 1, NULL, NULL, 2, 1, NULL, '2025-12-02 13:33:26', NULL, '2025-12-02 13:33:26'),
(384, 'Swati', '', '+919686817677', NULL, NULL, NULL, 'F', NULL, NULL, NULL, NULL, NULL, NULL, NULL, NULL, NULL, NULL, NULL, NULL, 1, '', 1, NULL, NULL, 2, 1, NULL, '2025-12-02 13:33:26', NULL, '2025-12-02 13:33:26'),
(385, 'Jahnavi', '', '+919731121141', NULL, NULL, NULL, 'F', NULL, NULL, NULL, NULL, NULL, NULL, NULL, NULL, NULL, NULL, NULL, NULL, 1, '', 1, NULL, NULL, 2, 1, NULL, '2025-12-02 13:33:26', NULL, '2025-12-02 13:33:26'),
(386, 'Manu Chopra', '', '+919833364620', NULL, NULL, NULL, 'F', NULL, NULL, NULL, NULL, NULL, NULL, NULL, NULL, NULL, NULL, NULL, NULL, 1, '', 1, NULL, NULL, 2, 1, NULL, '2025-12-02 13:33:26', NULL, '2025-12-02 13:33:26'),
(387, 'Sushant', '', '+919844895990', NULL, NULL, NULL, 'M', NULL, NULL, NULL, NULL, NULL, NULL, NULL, NULL, NULL, NULL, NULL, NULL, 1, '', 1, NULL, NULL, 2, 1, NULL, '2025-12-02 13:33:26', NULL, '2025-12-02 13:33:26'),
(388, 'Dr Suvina', '', '+919845502419', NULL, NULL, NULL, 'F', NULL, NULL, NULL, NULL, NULL, NULL, NULL, NULL, NULL, NULL, NULL, NULL, 1, '', 1, NULL, NULL, 2, 1, NULL, '2025-12-02 13:33:26', NULL, '2025-12-02 13:33:26'),
(389, 'Archana Jain BMP-I202', '', '+919849642611', NULL, NULL, NULL, 'F', NULL, NULL, NULL, NULL, NULL, NULL, NULL, NULL, NULL, NULL, NULL, NULL, 1, '', 1, NULL, NULL, 2, 1, NULL, '2025-12-02 13:33:26', NULL, '2025-12-02 13:33:26'),
(390, 'Vikas BMP D901', '', '+919867123331', NULL, NULL, NULL, 'M', NULL, NULL, NULL, NULL, NULL, NULL, NULL, NULL, NULL, NULL, NULL, NULL, 1, '', 1, NULL, NULL, 2, 1, NULL, '2025-12-02 13:33:26', NULL, '2025-12-02 13:33:26'),
(391, 'Shubham (Kshitij)', '', '+919871688499', NULL, NULL, NULL, 'M', NULL, NULL, NULL, NULL, NULL, NULL, NULL, NULL, NULL, NULL, NULL, NULL, 1, '', 1, NULL, NULL, 2, 1, NULL, '2025-12-02 13:33:26', NULL, '2025-12-02 13:33:26'),
(392, 'Stuti Mehrotra-H1404', '', '+919880560154', NULL, NULL, NULL, 'F', NULL, NULL, NULL, NULL, NULL, NULL, NULL, NULL, NULL, NULL, NULL, NULL, 1, '', 1, NULL, NULL, 2, 1, NULL, '2025-12-02 13:33:26', NULL, '2025-12-02 13:33:26'),
(393, 'Bhawan BMP G101', '', '+919880597317', NULL, NULL, NULL, 'F', NULL, NULL, NULL, NULL, NULL, NULL, NULL, NULL, NULL, NULL, NULL, NULL, 1, '', 1, NULL, NULL, 2, 1, NULL, '2025-12-02 13:33:26', NULL, '2025-12-02 13:33:26'),
(394, 'Arvind Chandrashekar', '', '+919886743919', NULL, NULL, NULL, 'M', NULL, NULL, NULL, NULL, NULL, NULL, NULL, NULL, NULL, NULL, NULL, 4, 5, '', 1, NULL, NULL, 2, 1, NULL, '2025-12-02 13:33:26', NULL, '2025-12-02 13:33:26'),
(395, 'BMP Smita Anil', '', '+919884090101', NULL, NULL, NULL, 'F', NULL, NULL, NULL, NULL, NULL, NULL, NULL, NULL, NULL, NULL, NULL, NULL, 1, '', 1, NULL, NULL, 2, 1, NULL, '2025-12-02 13:33:26', NULL, '2025-12-02 13:33:26'),
(396, 'Swetha Seth', '', '+919886793642', NULL, NULL, NULL, 'F', NULL, NULL, NULL, NULL, NULL, NULL, NULL, NULL, NULL, NULL, NULL, NULL, 1, '', 1, NULL, NULL, 2, 1, NULL, '2025-12-02 13:33:26', NULL, '2025-12-02 13:33:26'),
(397, 'Vinit PSN', '', '+919886992082', NULL, NULL, NULL, 'M', NULL, NULL, NULL, NULL, NULL, NULL, NULL, NULL, NULL, NULL, NULL, NULL, 1, '', 1, NULL, NULL, 2, 1, NULL, '2025-12-02 13:33:26', NULL, '2025-12-02 13:33:26'),
(398, 'Sudesh supra', '', '+919899098448', NULL, NULL, NULL, 'F', NULL, NULL, NULL, NULL, NULL, NULL, NULL, NULL, NULL, NULL, NULL, NULL, 1, '', 1, NULL, NULL, 2, 1, NULL, '2025-12-02 13:33:26', NULL, '2025-12-02 13:33:26'),
(399, 'Rohan Srinivasan', '', '+919900142590', NULL, NULL, NULL, 'M', NULL, NULL, NULL, NULL, NULL, NULL, NULL, NULL, NULL, NULL, NULL, NULL, 1, '', 1, NULL, NULL, 2, 1, NULL, '2025-12-02 13:33:26', NULL, '2025-12-02 13:33:26'),
(400, 'Akshat PSN', '', '+919902301361', NULL, NULL, NULL, 'M', NULL, NULL, NULL, NULL, NULL, NULL, NULL, NULL, NULL, NULL, NULL, NULL, 1, '', 1, NULL, NULL, 2, 1, NULL, '2025-12-02 13:33:26', NULL, '2025-12-02 13:33:26'),
(401, 'Lata CS', '', '+919910083032', NULL, NULL, NULL, 'F', NULL, NULL, NULL, NULL, NULL, NULL, NULL, NULL, NULL, NULL, NULL, NULL, 1, '', 1, NULL, NULL, 2, 1, NULL, '2025-12-02 13:33:26', NULL, '2025-12-02 13:33:26'),
(402, 'Manita', '', '+919916795098', NULL, NULL, NULL, 'F', NULL, NULL, NULL, NULL, NULL, NULL, NULL, NULL, NULL, NULL, NULL, NULL, 1, '', 1, NULL, NULL, 2, 1, NULL, '2025-12-02 13:33:26', NULL, '2025-12-02 13:33:26'),
(403, 'Megha  2135', '', '+919920934380', NULL, NULL, NULL, 'F', NULL, NULL, NULL, NULL, NULL, NULL, NULL, NULL, NULL, NULL, NULL, NULL, 1, '', 1, NULL, NULL, 2, 1, NULL, '2025-12-02 13:33:26', NULL, '2025-12-02 13:33:26'),
(404, 'Ritika', '', '+919926110991', NULL, NULL, NULL, 'F', NULL, NULL, NULL, NULL, NULL, NULL, NULL, NULL, NULL, NULL, NULL, NULL, 1, '', 1, NULL, NULL, 2, 1, NULL, '2025-12-02 13:33:26', NULL, '2025-12-02 13:33:26'),
(405, 'Neetu ICVK', '', '+919945669129', NULL, NULL, NULL, 'F', NULL, NULL, NULL, NULL, NULL, NULL, NULL, NULL, NULL, NULL, NULL, NULL, 1, '', 1, NULL, NULL, 2, 1, NULL, '2025-12-02 13:33:26', NULL, '2025-12-02 13:33:26'),
(406, 'Ratikant', '', '+919959057770', NULL, NULL, NULL, 'M', NULL, NULL, NULL, NULL, NULL, NULL, NULL, NULL, NULL, NULL, NULL, NULL, 1, '', 1, NULL, NULL, 2, 1, NULL, '2025-12-02 13:33:26', NULL, '2025-12-02 13:33:26'),
(407, 'Shri Lakshmi BMP', '', '+919967471549', NULL, NULL, NULL, 'F', NULL, NULL, NULL, NULL, NULL, NULL, NULL, NULL, NULL, NULL, NULL, NULL, 1, '', 1, NULL, NULL, 2, 1, NULL, '2025-12-02 13:33:26', NULL, '2025-12-02 13:33:26'),
(408, 'Ranjeeta', '', '+919972151320', NULL, NULL, NULL, 'F', NULL, NULL, NULL, NULL, NULL, NULL, NULL, NULL, NULL, NULL, NULL, NULL, 1, '', 1, NULL, NULL, 2, 1, NULL, '2025-12-02 13:33:26', NULL, '2025-12-02 13:33:26'),
(409, 'Ramya', '', '+919986015517', NULL, NULL, NULL, 'F', NULL, NULL, NULL, NULL, NULL, NULL, NULL, NULL, NULL, NULL, NULL, NULL, 1, '', 1, NULL, NULL, 2, 1, NULL, '2025-12-02 13:33:26', NULL, '2025-12-02 13:33:26'),
(410, 'Rajeev', '', '+919999971375', NULL, NULL, NULL, 'M', NULL, NULL, NULL, NULL, NULL, NULL, NULL, NULL, NULL, NULL, NULL, NULL, 1, '', 1, NULL, NULL, 2, 1, NULL, '2025-12-02 13:33:26', NULL, '2025-12-02 13:33:26'),
(411, 'Archita Dash', 'happiestarchita@gmail.com', '+919886870700', NULL, NULL, NULL, 'F', NULL, NULL, NULL, NULL, NULL, NULL, NULL, NULL, NULL, NULL, NULL, 1, 2, '', 1, NULL, NULL, 7, 1, NULL, '2025-12-02 13:33:26', NULL, '2025-12-02 13:33:26'),
(412, 'Chaitra Arvind', '', '+919886743765', NULL, NULL, NULL, 'F', NULL, NULL, NULL, NULL, NULL, NULL, NULL, NULL, NULL, NULL, NULL, 4, 5, '', 1, NULL, NULL, 2, 1, NULL, '2025-12-02 13:33:26', NULL, '2025-12-02 13:33:26'),
(413, 'Shobha Kamath', '', '+919900014215', NULL, NULL, NULL, 'F', NULL, NULL, NULL, NULL, NULL, NULL, NULL, NULL, NULL, NULL, NULL, 3, 4, '', 1, NULL, NULL, 5, 1, NULL, '2025-12-02 13:33:26', NULL, '2025-12-02 13:33:26'),
(414, 'Raghuveer Nayak', '', '+919900583702', NULL, NULL, NULL, 'M', NULL, NULL, NULL, NULL, NULL, NULL, NULL, NULL, NULL, NULL, NULL, 3, 4, '', 1, NULL, NULL, 5, 1, NULL, '2025-12-02 13:33:26', NULL, '2025-12-02 13:33:26'),
(415, 'Neelanjana Sriram', '', '+917349292639', NULL, NULL, NULL, 'F', NULL, NULL, NULL, NULL, NULL, NULL, NULL, NULL, NULL, NULL, NULL, 2, 3, '', 1, NULL, NULL, 2, 1, NULL, '2025-12-02 13:33:26', NULL, '2025-12-02 13:33:26'),
(416, 'Srinivas Bobbadi', '', '+916363829528', NULL, NULL, NULL, 'M', NULL, NULL, NULL, NULL, NULL, NULL, NULL, NULL, NULL, NULL, NULL, 2, 3, '', 1, NULL, NULL, 2, 1, NULL, '2025-12-02 13:33:26', NULL, '2025-12-02 13:33:26'),
(417, 'Sushma Shivakumar', '', '+917760874747', NULL, NULL, NULL, 'F', NULL, NULL, NULL, NULL, NULL, NULL, NULL, NULL, NULL, NULL, NULL, 2, 3, '', 1, NULL, NULL, 2, 1, NULL, '2025-12-02 13:33:26', NULL, '2025-12-02 13:33:26'),
(418, 'Neha Seth', '', '+919663355244', NULL, NULL, NULL, 'F', NULL, NULL, NULL, NULL, NULL, NULL, NULL, NULL, NULL, NULL, NULL, 3, 4, '', 1, NULL, NULL, 2, 1, NULL, '2025-12-02 13:33:26', NULL, '2025-12-02 13:33:26'),
(419, 'Aruna Vetcha', 'arunagiridhar_vetcha@yahoo.com', '+919880136471', NULL, NULL, NULL, 'F', NULL, NULL, NULL, NULL, NULL, NULL, NULL, NULL, NULL, NULL, NULL, 1, 2, '', 1, NULL, NULL, 2, 1, NULL, '2025-12-02 13:33:26', NULL, '2025-12-02 13:33:26'),
(420, 'Chavi Dr.', 'chhavidr21@gmail.com', '+917829068000', NULL, NULL, NULL, 'F', NULL, NULL, NULL, NULL, NULL, NULL, NULL, NULL, NULL, NULL, NULL, 1, 2, '', 1, NULL, NULL, 2, 1, NULL, '2025-12-02 13:33:26', NULL, '2025-12-02 13:33:26'),
(421, 'Dr. Chhavi Saxena', '', '+917483926960', NULL, NULL, NULL, 'F', NULL, NULL, NULL, NULL, NULL, NULL, NULL, NULL, NULL, NULL, NULL, 1, 2, '', 1, NULL, NULL, 2, 1, NULL, '2025-12-02 13:33:26', NULL, '2025-12-02 13:33:26'),
(422, 'Giridhar Vetcha', 'giridhar.vetcha@gmail.com', '+919686860124', NULL, NULL, NULL, 'M', NULL, NULL, NULL, NULL, NULL, NULL, NULL, NULL, NULL, NULL, NULL, 1, 2, '', 1, NULL, NULL, 2, 1, NULL, '2025-12-02 13:33:26', NULL, '2025-12-02 13:33:26'),
(423, 'Latha N', '', '+919901233663', NULL, NULL, NULL, 'F', NULL, NULL, NULL, NULL, NULL, NULL, NULL, NULL, NULL, NULL, NULL, 1, 2, '', 1, NULL, NULL, 2, 1, NULL, '2025-12-02 13:33:26', NULL, '2025-12-02 13:33:26'),
(424, 'Manish Khare', '', '+919886672308', NULL, NULL, NULL, 'M', NULL, NULL, NULL, NULL, NULL, NULL, NULL, NULL, NULL, NULL, NULL, 1, 2, '', 1, NULL, NULL, 2, 1, NULL, '2025-12-02 13:33:26', NULL, '2025-12-02 13:33:26'),
(425, 'Pankaj Gaur', '', '+917003309963', NULL, NULL, NULL, 'M', NULL, NULL, NULL, NULL, NULL, NULL, NULL, NULL, NULL, NULL, NULL, 1, 2, '', 1, NULL, NULL, 2, 1, NULL, '2025-12-02 13:33:26', NULL, '2025-12-02 13:33:26'),
(426, 'Pooja Khare', '', '+919611106603', NULL, NULL, NULL, 'F', NULL, NULL, NULL, NULL, NULL, NULL, NULL, NULL, NULL, NULL, NULL, 1, 2, '', 1, NULL, NULL, 2, 1, NULL, '2025-12-02 13:33:26', NULL, '2025-12-02 13:33:26'),
(427, 'Saket Chaurasia', '', '+919620025129', NULL, NULL, NULL, 'M', NULL, NULL, NULL, NULL, NULL, NULL, NULL, NULL, NULL, NULL, NULL, 1, 2, '', 1, NULL, NULL, 2, 1, NULL, '2025-12-02 13:33:26', NULL, '2025-12-02 13:33:26'),
(428, 'Shalini Gaur', '', '+918431366525', NULL, NULL, NULL, 'F', NULL, NULL, NULL, NULL, NULL, NULL, NULL, NULL, NULL, NULL, NULL, 1, 2, '', 1, NULL, NULL, 2, 1, NULL, '2025-12-02 13:33:26', NULL, '2025-12-02 13:33:26'),
(429, 'Vikas Maheshwari', '', '+919901124651', NULL, NULL, NULL, 'M', NULL, NULL, NULL, NULL, NULL, NULL, NULL, NULL, NULL, NULL, NULL, 6, NULL, 'Vaishnava Prana Dasa', 1, NULL, NULL, 2, 1, NULL, '2025-12-02 13:33:26', NULL, '2025-12-02 13:33:26'),
(430, 'Sindhu Bhargavi', '', '+919591874396', NULL, NULL, NULL, 'F', NULL, NULL, NULL, NULL, NULL, NULL, NULL, NULL, NULL, NULL, NULL, 1, 2, '', 1, NULL, NULL, 2, 1, NULL, '2025-12-02 13:33:26', NULL, '2025-12-02 13:33:26'),
(431, 'Sushil Dwivedi', '', '+918587970568', NULL, NULL, NULL, 'M', NULL, NULL, NULL, NULL, NULL, NULL, NULL, NULL, NULL, NULL, NULL, 1, 2, '', 1, NULL, NULL, 2, 1, NULL, '2025-12-02 13:33:26', NULL, '2025-12-02 13:33:26'),
(432, 'Sweety Sonawane', '', '+919740100455', NULL, NULL, NULL, 'F', NULL, NULL, NULL, NULL, NULL, NULL, NULL, NULL, NULL, 18, NULL, 1, 2, '', 1, NULL, NULL, 2, 1, NULL, '2025-12-02 13:33:26', NULL, '2025-12-02 13:33:26'),
(433, 'Vasudha Sonawane', '', '+919892024890', NULL, NULL, NULL, 'F', NULL, NULL, NULL, NULL, NULL, NULL, NULL, NULL, NULL, 27, NULL, 2, 3, '', 1, NULL, NULL, 2, 1, NULL, '2025-12-02 13:33:26', NULL, '2025-12-02 13:33:26'),
(434, 'Vineet Gupta', '', '+917499917824', NULL, NULL, NULL, 'M', NULL, NULL, NULL, NULL, NULL, NULL, NULL, NULL, NULL, 28, NULL, 1, 2, '', 1, NULL, NULL, 2, 1, NULL, '2025-12-02 13:33:26', NULL, '2025-12-02 13:33:26'),
(435, 'Manish Sharma', '', '+919740711566', NULL, NULL, NULL, 'M', NULL, NULL, NULL, NULL, NULL, NULL, NULL, NULL, NULL, NULL, NULL, 1, 2, '', 1, NULL, NULL, 2, 1, NULL, '2025-12-02 13:33:26', NULL, '2025-12-02 13:33:26'),
(436, 'Ramya Ramu', '', '+919945294567', NULL, NULL, NULL, 'F', NULL, NULL, NULL, NULL, NULL, NULL, NULL, NULL, NULL, 27, NULL, 4, 5, '', 1, NULL, NULL, 5, 1, NULL, '2025-12-02 13:33:26', NULL, '2025-12-02 13:33:26'),
(437, 'Niharica Paul', '', '+919916870396', NULL, NULL, NULL, 'F', NULL, NULL, NULL, NULL, NULL, NULL, NULL, NULL, NULL, NULL, NULL, 1, 2, '', 1, NULL, NULL, 2, 1, NULL, '2025-12-02 13:33:26', NULL, '2025-12-02 13:33:26'),
(438, 'Nitin Singh', '', '+919810711800', NULL, NULL, NULL, 'M', NULL, NULL, NULL, NULL, NULL, NULL, NULL, NULL, NULL, NULL, NULL, 1, 2, '', 1, NULL, NULL, 2, 1, NULL, '2025-12-02 13:33:26', NULL, '2025-12-02 13:33:26'),
(439, 'Rajeev Harabindu', '', '+919611103383', NULL, NULL, NULL, 'M', NULL, NULL, NULL, NULL, NULL, NULL, NULL, NULL, NULL, NULL, NULL, 1, 2, '', 1, NULL, NULL, 2, 1, NULL, '2025-12-02 13:33:26', NULL, '2025-12-02 13:33:26'),
(440, 'Surekha', '', '+919945638710', NULL, NULL, NULL, 'F', NULL, NULL, NULL, NULL, NULL, NULL, NULL, NULL, NULL, 27, NULL, 1, 2, '', 1, NULL, NULL, 5, 1, NULL, '2025-12-02 13:33:26', NULL, '2025-12-02 13:33:26'),
(441, 'Ruchi Saxena', '', '+919611103358', NULL, NULL, NULL, 'F', NULL, NULL, NULL, NULL, NULL, NULL, NULL, NULL, NULL, NULL, NULL, 1, 2, '', 1, NULL, NULL, 2, 1, NULL, '2025-12-02 13:33:26', NULL, '2025-12-02 13:33:26'),
(442, 'Anju Singh Dahiya', '', '+919845246650', NULL, NULL, NULL, 'F', NULL, NULL, NULL, NULL, NULL, NULL, NULL, NULL, NULL, NULL, NULL, 1, 2, '', 1, NULL, NULL, 2, 1, NULL, '2025-12-02 13:33:26', NULL, '2025-12-02 13:33:26'),
(443, 'Saiansh Seth', '', '+919741356053', NULL, NULL, NULL, 'M', NULL, NULL, NULL, NULL, NULL, NULL, NULL, NULL, NULL, NULL, NULL, 1, 2, '', 1, NULL, NULL, 2, 1, NULL, '2025-12-02 13:33:26', NULL, '2025-12-02 13:33:26'),
(444, 'Saurabh Seth', '', '+919663355233', NULL, NULL, NULL, 'M', NULL, NULL, NULL, NULL, NULL, NULL, NULL, NULL, NULL, NULL, NULL, 1, 2, '', 1, NULL, NULL, 2, 1, NULL, '2025-12-02 13:33:26', NULL, '2025-12-02 13:33:26'),
(445, 'Aseem Mishra', '', '+919880280578', NULL, NULL, NULL, 'M', NULL, NULL, NULL, NULL, NULL, NULL, NULL, NULL, NULL, NULL, NULL, 1, 2, '', 1, NULL, NULL, 2, 1, NULL, '2025-12-02 13:33:26', NULL, '2025-12-02 13:33:26'),
(446, 'Shalini Mishra', '', '+919448094591', NULL, NULL, NULL, 'F', NULL, NULL, NULL, NULL, NULL, NULL, NULL, NULL, NULL, NULL, NULL, 1, 2, '', 1, NULL, NULL, 2, 1, NULL, '2025-12-02 13:33:26', NULL, '2025-12-02 13:33:26'),
(447, 'Chandraprakash Vyas', '', '+919970560335', NULL, NULL, NULL, 'M', NULL, NULL, NULL, NULL, NULL, NULL, NULL, NULL, NULL, NULL, NULL, 1, NULL, '', 1, NULL, NULL, 5, 1, NULL, '2025-12-02 13:33:26', NULL, '2025-12-02 13:33:26'),
(448, 'Indumathi Kamaraj', '', '+919886572661', NULL, NULL, NULL, 'F', NULL, NULL, NULL, NULL, NULL, NULL, NULL, NULL, NULL, NULL, NULL, 1, 2, '', 1, NULL, NULL, 2, 1, NULL, '2025-12-02 13:33:26', NULL, '2025-12-02 13:33:26'),
(449, 'Manjula Pedasingh', '', '+919535142025', NULL, NULL, NULL, 'F', NULL, NULL, NULL, NULL, NULL, NULL, NULL, NULL, NULL, NULL, NULL, 1, 2, '', 1, NULL, NULL, 2, 1, NULL, '2025-12-02 13:33:26', NULL, '2025-12-02 13:33:26'),
(450, 'Mohan Madhuv', '', '+917619191136', NULL, NULL, NULL, 'M', NULL, NULL, NULL, NULL, NULL, NULL, NULL, NULL, NULL, NULL, NULL, 1, 2, '', 1, NULL, NULL, 2, 1, NULL, '2025-12-02 13:33:26', NULL, '2025-12-02 13:33:26'),
(451, 'Shamili', '', '+919606539006', NULL, NULL, NULL, 'F', NULL, NULL, NULL, NULL, NULL, NULL, NULL, NULL, NULL, NULL, NULL, 5, 6, '', 1, NULL, NULL, 11, 1, NULL, '2025-12-02 13:33:26', NULL, '2025-12-02 13:33:26'),
(452, 'Kalpana Sharma', '', '+919535673029', NULL, NULL, NULL, 'F', NULL, NULL, NULL, NULL, NULL, NULL, NULL, NULL, NULL, NULL, NULL, 3, 4, '', 1, NULL, NULL, 11, 1, NULL, '2025-12-02 13:33:26', NULL, '2025-12-02 13:33:26'),
(453, 'Ravikanth', '', '+918431213792', NULL, NULL, NULL, 'M', NULL, NULL, NULL, NULL, NULL, NULL, NULL, NULL, NULL, NULL, NULL, 2, 3, '', 1, NULL, NULL, 11, 1, NULL, '2025-12-02 13:33:26', NULL, '2025-12-02 13:33:26'),
(454, 'Ambuj', '', '+919335035082', NULL, NULL, NULL, 'M', NULL, NULL, NULL, NULL, NULL, NULL, NULL, NULL, NULL, NULL, NULL, 1, 2, '', 1, NULL, NULL, 11, 1, NULL, '2025-12-02 13:33:26', NULL, '2025-12-02 13:33:26'),
(455, 'Indu Pandey', '', '+919389585960', NULL, NULL, NULL, 'F', NULL, NULL, NULL, NULL, NULL, NULL, NULL, NULL, NULL, NULL, NULL, 1, 2, '', 1, NULL, NULL, 11, 1, NULL, '2025-12-02 13:33:26', NULL, '2025-12-02 13:33:26'),
(456, 'Harsh', '', '+917980790754', NULL, NULL, NULL, 'M', NULL, NULL, NULL, NULL, NULL, NULL, NULL, NULL, NULL, NULL, NULL, 1, 2, '', 1, NULL, NULL, 11, 1, NULL, '2025-12-02 13:33:26', NULL, '2025-12-02 13:33:26'),
(457, 'Narendra Mourya', '', '+919164712920', NULL, NULL, NULL, 'M', NULL, NULL, NULL, NULL, NULL, NULL, NULL, NULL, NULL, NULL, NULL, 1, 2, '', 1, NULL, NULL, 11, 1, NULL, '2025-12-02 13:33:26', NULL, '2025-12-02 13:33:26'),
(458, 'Rani', '', '+919951133466', NULL, NULL, NULL, 'F', NULL, NULL, NULL, NULL, NULL, NULL, NULL, NULL, NULL, NULL, NULL, 1, 2, '', 1, NULL, NULL, 11, 1, NULL, '2025-12-02 13:33:26', NULL, '2025-12-02 13:33:26'),
(459, 'Reena Mourya', '', '+919164251653', NULL, NULL, NULL, 'F', NULL, NULL, NULL, NULL, NULL, NULL, NULL, NULL, NULL, NULL, NULL, 1, 2, '', 1, NULL, NULL, 11, 1, NULL, '2025-12-02 13:33:26', NULL, '2025-12-02 13:33:26'),
(460, 'Supritha', '', '+919686977223', NULL, NULL, NULL, 'F', NULL, NULL, NULL, NULL, NULL, NULL, NULL, NULL, NULL, NULL, NULL, 1, 2, '', 1, NULL, NULL, 11, 1, NULL, '2025-12-02 13:33:26', NULL, '2025-12-02 13:33:26'),
(461, 'Supriya', '', '+919886661801', NULL, NULL, NULL, 'F', NULL, NULL, NULL, NULL, NULL, NULL, NULL, NULL, NULL, NULL, NULL, 1, 2, '', 1, NULL, NULL, 11, 1, NULL, '2025-12-02 13:33:26', NULL, '2025-12-02 13:33:26'),
(462, 'reshmi choudhury', '', '+917406475454', NULL, NULL, NULL, 'F', NULL, NULL, NULL, NULL, NULL, NULL, NULL, NULL, NULL, NULL, NULL, 1, 2, '', 1, NULL, NULL, 11, 1, NULL, '2025-12-02 13:33:26', NULL, '2025-12-02 13:33:26'),
(463, 'Arindam Sen', '', '+919008055118', NULL, NULL, NULL, 'M', NULL, NULL, NULL, NULL, NULL, NULL, NULL, NULL, NULL, NULL, NULL, 1, 2, '', 1, NULL, NULL, 11, 1, NULL, '2025-12-02 13:33:26', NULL, '2025-12-02 13:33:26'),
(464, 'Sushovan Samal', '', '+919591300499', NULL, NULL, NULL, 'M', NULL, NULL, NULL, NULL, NULL, NULL, NULL, NULL, NULL, NULL, NULL, 1, 2, '', 1, NULL, NULL, 11, 1, NULL, '2025-12-02 13:33:26', NULL, '2025-12-02 13:33:26'),
(465, 'Achyut', '', '+919972499975', NULL, NULL, NULL, 'M', NULL, NULL, NULL, NULL, NULL, NULL, NULL, NULL, NULL, 27, NULL, 1, 2, '', 1, NULL, NULL, 5, 1, NULL, '2025-12-02 13:33:26', NULL, '2025-12-02 13:33:26'),
(466, 'Deepti', '', '+919742338053', NULL, NULL, NULL, 'F', NULL, NULL, NULL, NULL, NULL, NULL, NULL, NULL, NULL, NULL, NULL, 1, 2, '', 1, NULL, NULL, 11, 1, NULL, '2025-12-02 13:33:26', NULL, '2025-12-02 13:33:26'),
(467, 'Jyothi Shridhar', 'jyothi_shridhar@yahoo.com', '+919342557208', NULL, NULL, NULL, 'F', NULL, NULL, NULL, NULL, NULL, NULL, NULL, NULL, NULL, NULL, NULL, 6, NULL, 'Jyothirmayi Radhika Devi Dasi', 1, NULL, NULL, 8, 1, NULL, '2025-12-02 13:33:26', NULL, '2025-12-02 13:33:26'),
(468, 'Ramya Bhaskaran', '', '+919341568395', NULL, NULL, NULL, 'F', NULL, NULL, NULL, NULL, NULL, NULL, NULL, NULL, NULL, NULL, NULL, 6, NULL, 'Raseshvari Devi Dasi', 1, NULL, NULL, 8, 1, NULL, '2025-12-02 13:33:26', NULL, '2025-12-02 13:33:26'),
(469, 'Sarabjeet Ghajwani', 'gajwanisarab@gmail.com', '+918494949263', NULL, NULL, NULL, 'M', NULL, NULL, NULL, NULL, NULL, NULL, NULL, NULL, NULL, NULL, NULL, 6, NULL, 'Savyasachi Dasa', 1, NULL, NULL, 8, 1, NULL, '2025-12-02 13:33:26', NULL, '2025-12-02 13:33:26'),
(470, 'Shridhar Venkat', 'shridhar.venkat@akshayapatra.org', '+919343866379', NULL, NULL, NULL, 'M', NULL, NULL, NULL, NULL, NULL, NULL, NULL, NULL, NULL, NULL, NULL, 6, NULL, 'Srikara Govinda Dasa', 1, NULL, NULL, 8, 1, NULL, '2025-12-02 13:33:26', NULL, '2025-12-02 13:33:26'),
(471, 'Shruti Bommireddy', '', '+14085076964', NULL, NULL, NULL, 'F', NULL, NULL, NULL, NULL, NULL, NULL, NULL, NULL, NULL, NULL, NULL, 6, NULL, 'Shyama Rani Devi Dasi', 1, NULL, NULL, 8, 1, NULL, '2025-12-02 13:33:26', NULL, '2025-12-02 13:33:26'),
(472, 'Ashwin P S', 'ashjan80@rediffmail.com', '+919972594768', NULL, NULL, NULL, 'M', NULL, NULL, NULL, NULL, NULL, NULL, NULL, NULL, NULL, NULL, NULL, 4, 5, '', 1, NULL, NULL, 3, 1, NULL, '2025-12-02 13:33:26', NULL, '2025-12-02 13:33:26'),
(473, 'Vikram Rajagopal', '', '+919686930680', NULL, NULL, NULL, 'M', NULL, NULL, NULL, NULL, NULL, NULL, NULL, NULL, NULL, NULL, NULL, 6, NULL, 'Venu Madhav Dasa', 1, NULL, NULL, 8, 1, NULL, '2025-12-02 13:33:26', NULL, '2025-12-02 13:33:26'),
(474, 'Sanjeev Khurana', 'chaitra_naveen@yahoo.com', '+919342579184', NULL, NULL, NULL, 'M', NULL, NULL, NULL, NULL, NULL, NULL, NULL, NULL, NULL, NULL, NULL, 6, NULL, 'Satya Dharma Dasa', 1, NULL, NULL, 8, 1, NULL, '2025-12-02 13:33:26', NULL, '2025-12-02 13:33:26'),
(475, 'Chaitra Naveen', 'mailbox.lisa@gmail.com', '+919591005461', NULL, NULL, NULL, 'F', NULL, NULL, NULL, NULL, NULL, NULL, NULL, NULL, NULL, NULL, NULL, 6, NULL, 'Candini Radha Devi Dasi', 1, NULL, NULL, 8, 1, NULL, '2025-12-02 13:33:26', NULL, '2025-12-02 13:33:26'),
(476, 'Minu Nair', 'tripathi_sunita@yahoo.co.in', '+919880361771', NULL, NULL, NULL, 'F', NULL, NULL, NULL, NULL, NULL, NULL, NULL, NULL, NULL, 12, NULL, 6, NULL, 'Mohini Devi Dasi', 1, NULL, NULL, 8, 1, NULL, '2025-12-02 13:33:26', NULL, '2025-12-02 13:33:26'),
(477, 'Basanthi', 'manoharan.subbu@gmail.com', '+919945244708', NULL, NULL, NULL, 'F', NULL, NULL, NULL, NULL, NULL, NULL, NULL, NULL, NULL, NULL, NULL, 6, NULL, 'Bhanupriya Devi Dasi', 1, NULL, NULL, 8, 1, NULL, '2025-12-02 13:33:26', NULL, '2025-12-02 13:33:26'),
(478, 'Parashara Dasa', '', '+919900500277', NULL, NULL, NULL, 'M', NULL, NULL, NULL, NULL, NULL, NULL, NULL, NULL, NULL, NULL, NULL, 6, NULL, '', 1, NULL, NULL, 8, 1, NULL, '2025-12-02 13:33:26', NULL, '2025-12-02 13:33:26'),
(479, 'Padmini Varanasi', 'rvmp_29@hotmail.com', '+919845720410', NULL, NULL, NULL, 'F', NULL, NULL, NULL, NULL, NULL, NULL, NULL, NULL, NULL, NULL, NULL, 6, NULL, 'Padma Priya Devi Dasi', 1, NULL, NULL, 8, 1, NULL, '2025-12-02 13:33:26', NULL, '2025-12-02 13:33:26'),
(480, 'Ravi Venkatraman', '', '+919686189980', NULL, NULL, NULL, 'M', NULL, NULL, NULL, NULL, NULL, NULL, NULL, NULL, NULL, NULL, NULL, 5, 6, '', 1, NULL, NULL, 4, 1, NULL, '2025-12-02 13:33:26', NULL, '2025-12-02 13:33:26'),
(481, 'Sandhya Rani Vishwanath', 'srsandhyarani23@gmail.com', '+919449047650', NULL, NULL, NULL, 'F', NULL, NULL, NULL, NULL, NULL, NULL, NULL, NULL, NULL, NULL, NULL, 6, NULL, 'Saumya Dhatri Devi Dasi', 1, NULL, NULL, 8, 1, NULL, '2025-12-02 13:33:26', NULL, '2025-12-02 13:33:26'),
(482, 'Vyjayanthi', 'vyjayan@gmail.com', '+919448368970', NULL, NULL, NULL, 'F', NULL, NULL, NULL, NULL, NULL, NULL, NULL, NULL, NULL, NULL, NULL, 5, 6, '', 1, NULL, NULL, 8, 1, NULL, '2025-12-02 13:33:26', NULL, '2025-12-02 13:33:26'),
(483, 'Akshathaa Somaiah', 'akshathaa11@gmail.com', '+919972456107', NULL, NULL, NULL, 'F', NULL, NULL, NULL, NULL, NULL, NULL, NULL, NULL, NULL, NULL, NULL, 4, 5, '', 1, NULL, NULL, 8, 1, NULL, '2025-12-02 13:33:26', NULL, '2025-12-02 13:33:26'),
(484, 'Amrutha Somaiah', 'amruthasomaiah11@gmail.com', '+919972453791', NULL, NULL, NULL, 'F', NULL, NULL, NULL, NULL, NULL, NULL, NULL, NULL, NULL, NULL, NULL, 4, 5, '', 1, NULL, NULL, 8, 1, NULL, '2025-12-02 13:33:26', NULL, '2025-12-02 13:33:26'),
(485, 'Anjana Balaji', 'ab35paed@gmail.com', '+919945066658', NULL, NULL, NULL, 'F', NULL, NULL, NULL, NULL, NULL, NULL, NULL, NULL, NULL, NULL, NULL, 4, 5, '', 1, NULL, NULL, 8, 1, NULL, '2025-12-02 13:33:26', NULL, '2025-12-02 13:33:26'),
(486, 'Balaji M N', 'balajimn@gmail.com', '+919845286759', NULL, NULL, NULL, 'M', NULL, NULL, NULL, NULL, NULL, NULL, NULL, NULL, NULL, NULL, NULL, 4, 5, '', 1, NULL, NULL, 8, 1, NULL, '2025-12-02 13:33:26', NULL, '2025-12-02 13:33:26'),
(487, 'Ram Sharma Varanasi', 'rambom@hotmail.com', '+919845689444', NULL, NULL, NULL, 'M', NULL, NULL, NULL, NULL, NULL, NULL, NULL, NULL, NULL, NULL, NULL, 4, 5, '', 1, NULL, NULL, 8, 1, NULL, '2025-12-02 13:33:26', NULL, '2025-12-02 13:33:26'),
(488, 'Anindita Bajwa', 'aninditak@hotmail.com', '+919833909079', NULL, NULL, NULL, 'F', NULL, NULL, NULL, NULL, NULL, NULL, NULL, NULL, NULL, NULL, NULL, 3, 4, '', 1, NULL, NULL, 8, 1, NULL, '2025-12-02 13:33:26', NULL, '2025-12-02 13:33:26'),
(489, 'Anupama Shah', 'anupama.shah@gmail.com', '+919845100862', NULL, NULL, NULL, 'F', NULL, NULL, NULL, NULL, NULL, NULL, NULL, NULL, NULL, NULL, NULL, 3, 4, '', 1, NULL, NULL, 8, 1, NULL, '2025-12-02 13:33:26', NULL, '2025-12-02 13:33:26'),
(490, 'Deena Patil Dr.', 'deenajc22@yahoo.com', '+919900155596', NULL, NULL, NULL, 'F', NULL, NULL, NULL, NULL, NULL, NULL, NULL, NULL, NULL, NULL, NULL, 3, 4, '', 1, NULL, NULL, 8, 1, NULL, '2025-12-02 13:33:26', NULL, '2025-12-02 13:33:26'),
(491, 'Jagdish Chattnalli Dr.', 'drjagdishneurosurgeon@yahoo.com', '+919900106900', NULL, NULL, NULL, 'M', NULL, NULL, NULL, NULL, NULL, NULL, NULL, NULL, NULL, NULL, NULL, 3, 4, '', 1, NULL, NULL, 8, 1, NULL, '2025-12-02 13:33:26', NULL, '2025-12-02 13:33:26'),
(492, 'Ramesh Srinivasan', 'sramesh102@gmail.com', '+919871811644', NULL, NULL, NULL, 'M', NULL, NULL, NULL, NULL, NULL, NULL, NULL, NULL, NULL, NULL, NULL, 3, 4, '', 1, NULL, NULL, 8, 1, NULL, '2025-12-02 13:33:26', NULL, '2025-12-02 13:33:26'),
(493, 'Pannaga Simha', 'pannags@gmail.com', '+919900238921', NULL, NULL, NULL, 'M', NULL, NULL, NULL, NULL, NULL, NULL, NULL, NULL, NULL, NULL, NULL, 2, 3, '', 1, NULL, NULL, 8, 1, NULL, '2025-12-02 13:33:26', NULL, '2025-12-02 13:33:26'),
(494, 'Ravindra Kulkarni', 'ravindrakulk@yahoo.com', '+919886406936', NULL, NULL, NULL, 'M', NULL, NULL, NULL, NULL, NULL, NULL, NULL, NULL, NULL, NULL, NULL, 2, 3, '', 1, NULL, NULL, 8, 1, NULL, '2025-12-02 13:33:26', NULL, '2025-12-02 13:33:26'),
(495, 'Sudha Mohan', '', '+919980589820', NULL, NULL, NULL, 'F', NULL, NULL, NULL, NULL, NULL, NULL, NULL, NULL, NULL, NULL, NULL, 2, 3, '', 1, NULL, NULL, 8, 1, NULL, '2025-12-02 13:33:26', NULL, '2025-12-02 13:33:26'),
(496, 'Vidya Harishankar', '', '+919900546939', NULL, NULL, NULL, 'F', NULL, NULL, NULL, NULL, NULL, NULL, NULL, NULL, NULL, NULL, NULL, 2, 3, '', 1, NULL, NULL, 8, 1, NULL, '2025-12-02 13:33:26', NULL, '2025-12-02 13:33:26'),
(497, 'Chethana Kudur', '', '+919900714903', NULL, NULL, NULL, 'F', NULL, NULL, NULL, NULL, NULL, NULL, NULL, NULL, NULL, NULL, NULL, 2, 3, '', 1, NULL, NULL, 8, 1, NULL, '2025-12-02 13:33:26', NULL, '2025-12-02 13:33:26'),
(498, 'Basanth Gowda', 'basanth308@gmail.com', '+919845453391', NULL, NULL, NULL, 'M', NULL, NULL, NULL, NULL, NULL, NULL, NULL, NULL, NULL, NULL, NULL, 1, 2, '', 1, NULL, NULL, 8, 1, NULL, '2025-12-02 13:33:26', NULL, '2025-12-02 13:33:26'),
(499, 'Geetha Ishitha', 'kunkugeetha@gmail.com', '+918861325898', NULL, NULL, NULL, 'F', NULL, NULL, NULL, NULL, NULL, NULL, NULL, NULL, NULL, NULL, NULL, 1, 2, '', 1, NULL, NULL, 8, 1, NULL, '2025-12-02 13:33:26', NULL, '2025-12-02 13:33:26'),
(500, 'Prabir Goswamee', '', '+919845018929', NULL, NULL, NULL, 'M', NULL, NULL, NULL, NULL, NULL, NULL, NULL, NULL, NULL, NULL, NULL, 1, 2, '', 1, NULL, NULL, 8, 1, NULL, '2025-12-02 13:33:26', NULL, '2025-12-02 13:33:26'),
(501, 'Rashmi Sreepathi', '', '+919731378225', NULL, NULL, NULL, 'F', NULL, NULL, NULL, NULL, NULL, NULL, NULL, NULL, NULL, NULL, NULL, 1, 2, '', 1, NULL, NULL, 4, 1, NULL, '2025-12-02 13:33:26', NULL, '2025-12-02 13:33:26'),
(502, 'Reshma T.V.', 'reshma.tv@gmail.com', '+919342584555', NULL, NULL, NULL, 'F', NULL, NULL, NULL, NULL, NULL, NULL, NULL, NULL, NULL, NULL, NULL, 1, 2, '', 1, NULL, NULL, 8, 1, NULL, '2025-12-02 13:33:26', NULL, '2025-12-02 13:33:26'),
(503, 'Valentina Somaiah', 'tinasomaiah@gmail.com', '+918105090517', NULL, NULL, NULL, 'F', NULL, NULL, NULL, NULL, NULL, NULL, NULL, NULL, NULL, 28, NULL, 1, 2, '', 1, NULL, NULL, 8, 1, NULL, '2025-12-02 13:33:26', NULL, '2025-12-02 13:33:26'),
(504, 'Ritula Sundeep Talwar', '', '+919811266676', NULL, NULL, NULL, 'F', NULL, NULL, NULL, NULL, NULL, NULL, NULL, NULL, NULL, NULL, NULL, 6, NULL, 'Rati Priya Devi Dasi', 1, NULL, NULL, 12, 1, NULL, '2025-12-02 13:33:26', NULL, '2025-12-02 13:33:26'),
(505, 'Sundeep Talwar', '', '+919716090000', NULL, NULL, NULL, 'M', NULL, NULL, NULL, NULL, NULL, NULL, NULL, NULL, NULL, NULL, NULL, 6, NULL, 'Suvacha Krishna Dasa', 1, NULL, NULL, 12, 1, NULL, '2025-12-02 13:33:26', NULL, '2025-12-02 13:33:26'),
(506, 'Mukesh Soni', '', '+919166211691', NULL, NULL, NULL, 'M', NULL, NULL, NULL, NULL, NULL, NULL, NULL, NULL, NULL, NULL, NULL, 1, 2, '', 1, NULL, NULL, 3, 1, NULL, '2025-12-02 13:33:26', NULL, '2025-12-02 13:33:26'),
(507, 'Shilpa Soni', '', '+919980520322', NULL, NULL, NULL, 'F', NULL, NULL, NULL, NULL, NULL, NULL, NULL, NULL, NULL, NULL, NULL, 1, 2, '', 1, NULL, NULL, 3, 1, NULL, '2025-12-02 13:33:26', NULL, '2025-12-02 13:33:26'),
(508, 'Mohith Dhanuka', '', '+919811657767', NULL, NULL, NULL, 'M', NULL, NULL, NULL, NULL, NULL, NULL, NULL, NULL, NULL, NULL, NULL, NULL, 1, '', 1, NULL, NULL, 5, 1, NULL, '2025-12-02 13:33:26', NULL, '2025-12-02 13:33:26'),
(509, 'Indu Chaudhary', '', '+919999359919', NULL, NULL, NULL, 'F', NULL, NULL, NULL, NULL, NULL, NULL, NULL, NULL, NULL, 2, NULL, 1, 2, '', 1, NULL, NULL, 7, 1, NULL, '2025-12-02 13:33:26', NULL, '2025-12-02 13:33:26'),
(510, 'Amit Agarwal', '', '+919769610810', NULL, NULL, NULL, 'M', NULL, NULL, NULL, NULL, NULL, NULL, NULL, NULL, NULL, NULL, NULL, 1, 2, '', 1, NULL, NULL, 2, 1, NULL, '2025-12-02 13:33:26', NULL, '2025-12-02 13:33:26'),
(511, 'Chandani Rastigu', '', '+919916128632', NULL, NULL, NULL, 'F', NULL, NULL, NULL, NULL, NULL, NULL, NULL, NULL, NULL, 48, NULL, 1, 2, '', 1, NULL, NULL, 2, 1, NULL, '2025-12-02 13:33:26', NULL, '2025-12-02 13:33:26'),
(512, 'Dr. Aarti', '', '+918879305220', NULL, NULL, NULL, 'F', NULL, NULL, NULL, NULL, NULL, NULL, NULL, NULL, NULL, NULL, NULL, 1, 2, '', 1, NULL, NULL, 2, 1, NULL, '2025-12-02 13:33:26', NULL, '2025-12-02 13:33:26'),
(513, 'Kumar Amarjit', '', '+919686892000', NULL, NULL, NULL, 'M', NULL, NULL, NULL, NULL, NULL, NULL, NULL, NULL, NULL, NULL, NULL, 1, 2, '', 1, NULL, NULL, 2, 1, NULL, '2025-12-02 13:33:26', NULL, '2025-12-02 13:33:26'),
(514, 'Parul Gupta', '', '+919313548467', NULL, NULL, NULL, 'F', NULL, NULL, NULL, NULL, NULL, NULL, NULL, NULL, NULL, NULL, NULL, 1, 2, '', 1, NULL, NULL, 2, 1, NULL, '2025-12-02 13:33:26', NULL, '2025-12-02 13:33:26'),
(515, 'Pooja Singh', '', '+919990001730', NULL, NULL, NULL, 'F', NULL, NULL, NULL, NULL, NULL, NULL, NULL, NULL, NULL, 48, NULL, 1, 2, '', 1, NULL, NULL, 2, 1, NULL, '2025-12-02 13:33:26', NULL, '2025-12-02 13:33:26'),
(516, 'Radha Modi', '', '+919035292864', NULL, NULL, NULL, 'F', NULL, NULL, NULL, NULL, NULL, NULL, NULL, NULL, NULL, NULL, NULL, 1, 2, '', 1, NULL, NULL, 2, 1, NULL, '2025-12-02 13:33:26', NULL, '2025-12-02 13:33:26'),
(517, 'Ruchika', '', '+919945622400', NULL, NULL, NULL, 'F', NULL, NULL, NULL, NULL, NULL, NULL, NULL, NULL, NULL, NULL, NULL, 1, 2, '', 1, NULL, NULL, 2, 1, NULL, '2025-12-02 13:33:26', NULL, '2025-12-02 13:33:26'),
(518, 'Sarika Mataji', '', '+919765868380', NULL, NULL, NULL, 'F', NULL, NULL, NULL, NULL, NULL, NULL, NULL, NULL, NULL, 48, NULL, 1, 2, '', 1, NULL, NULL, 2, 1, NULL, '2025-12-02 13:33:26', NULL, '2025-12-02 13:33:26'),
(519, 'Sneha Sonam', '', '+918310589189', NULL, NULL, NULL, 'F', NULL, NULL, NULL, NULL, NULL, NULL, NULL, NULL, NULL, NULL, NULL, 1, 2, '', 1, NULL, NULL, 2, 1, NULL, '2025-12-02 13:33:26', NULL, '2025-12-02 13:33:26'),
(520, 'Srinivash Palavai', '', '+918971224433', NULL, NULL, NULL, 'M', NULL, NULL, NULL, NULL, NULL, NULL, NULL, NULL, NULL, 48, NULL, 1, 2, '', 1, NULL, NULL, 2, 1, NULL, '2025-12-02 13:33:26', NULL, '2025-12-02 13:33:26'),
(521, 'Sumit Rana', '', '+917042277127', NULL, NULL, NULL, 'M', NULL, NULL, NULL, NULL, NULL, NULL, NULL, NULL, NULL, NULL, NULL, 1, 1, '', 1, NULL, NULL, 2, 1, NULL, '2025-12-02 13:33:26', NULL, '2025-12-02 13:33:26'),
(522, 'Biswajit', '', '+919051603622', NULL, NULL, NULL, 'M', NULL, NULL, NULL, NULL, NULL, NULL, NULL, NULL, NULL, 63, NULL, NULL, 1, '', 1, NULL, NULL, 11, 1, NULL, '2025-12-02 13:33:26', NULL, '2025-12-02 13:33:26'),
(523, 'Gayathri Shashikant', '', '+919845148182', NULL, NULL, NULL, 'F', NULL, NULL, NULL, NULL, NULL, NULL, NULL, NULL, NULL, NULL, NULL, NULL, 1, '', 1, NULL, NULL, 11, 1, NULL, '2025-12-02 13:33:26', NULL, '2025-12-02 13:33:26'),
(524, 'Prema', '', '+919481524569', NULL, NULL, NULL, 'F', NULL, NULL, NULL, NULL, NULL, NULL, NULL, NULL, NULL, NULL, NULL, NULL, 1, '', 1, NULL, NULL, 11, 1, NULL, '2025-12-02 13:33:26', NULL, '2025-12-02 13:33:26'),
(525, 'SinuKumar Pillai', '', '+918123211652', NULL, NULL, NULL, 'M', NULL, NULL, NULL, NULL, NULL, NULL, NULL, NULL, NULL, NULL, NULL, NULL, 1, '', 1, NULL, NULL, 11, 1, NULL, '2025-12-02 13:33:26', NULL, '2025-12-02 13:33:26'),
(526, 'Meenakshi Sandill', '', '+919844472110', NULL, NULL, NULL, 'M', NULL, NULL, NULL, NULL, NULL, NULL, NULL, NULL, NULL, NULL, NULL, NULL, 1, '', 1, NULL, NULL, 5, 1, NULL, '2025-12-02 13:33:26', NULL, '2025-12-02 13:33:26'),
(527, 'Bhanu Das Pattar', '', '+919448783400', NULL, NULL, NULL, 'M', NULL, NULL, NULL, NULL, NULL, NULL, NULL, NULL, NULL, NULL, NULL, NULL, 1, '', 1, NULL, NULL, 5, 1, NULL, '2025-12-02 13:33:26', NULL, '2025-12-02 13:33:26'),
(528, 'Shiv Kumar Rathi', '', '+919620186959', NULL, NULL, NULL, 'M', NULL, NULL, NULL, NULL, NULL, NULL, NULL, NULL, NULL, NULL, NULL, NULL, 1, '', 1, NULL, NULL, 5, 1, NULL, '2025-12-02 13:33:26', NULL, '2025-12-02 13:33:26'),
(529, 'Manjari Sharma', '', '+917760430870', NULL, NULL, NULL, 'F', NULL, NULL, NULL, NULL, NULL, NULL, NULL, NULL, NULL, NULL, NULL, 1, 2, '', 1, NULL, NULL, 8, 1, NULL, '2025-12-02 13:33:26', NULL, '2025-12-02 13:33:26'),
(530, 'Krishnaveni', '', '+919049862338', NULL, NULL, NULL, 'F', NULL, NULL, NULL, NULL, NULL, NULL, NULL, NULL, NULL, NULL, NULL, NULL, 1, '', 1, NULL, NULL, 11, 1, NULL, '2025-12-02 13:33:26', NULL, '2025-12-02 13:33:26'),
(531, 'Srimati', '', '+917757014739', NULL, NULL, NULL, 'F', NULL, NULL, NULL, NULL, NULL, NULL, NULL, NULL, NULL, NULL, NULL, NULL, 2, '', 1, NULL, NULL, 11, 1, NULL, '2025-12-02 13:33:26', NULL, '2025-12-02 13:33:26'),
(532, 'kalpana', '', '+919731067517', NULL, NULL, NULL, 'F', NULL, NULL, NULL, NULL, NULL, NULL, NULL, NULL, NULL, NULL, NULL, 2, 3, '', 1, NULL, NULL, 3, 1, NULL, '2025-12-02 13:33:26', NULL, '2025-12-02 13:33:26'),
(533, 'Mamatha', '', '+918884150250', NULL, NULL, NULL, 'F', NULL, NULL, NULL, NULL, NULL, NULL, NULL, NULL, NULL, NULL, NULL, NULL, 3, '', 1, NULL, NULL, 2, 1, NULL, '2025-12-02 13:33:26', NULL, '2025-12-02 13:33:26'),
(534, 'Pravin Swamy', '', '+919108050035', NULL, NULL, NULL, 'M', NULL, NULL, NULL, NULL, NULL, NULL, NULL, NULL, NULL, 65, NULL, 3, 4, '', 1, NULL, NULL, 3, 1, NULL, '2025-12-02 13:33:26', NULL, '2025-12-02 13:33:26'),
(535, 'Swapna', '', '+917760677880', NULL, NULL, NULL, 'F', NULL, NULL, NULL, NULL, NULL, NULL, NULL, NULL, NULL, 40, NULL, 2, 3, '', 1, NULL, NULL, 3, 1, NULL, '2025-12-02 13:33:26', NULL, '2025-12-02 13:33:26'),
(536, 'C.P.Vyas', '', '+919890700456', NULL, NULL, NULL, 'M', NULL, NULL, NULL, NULL, NULL, NULL, NULL, NULL, NULL, NULL, NULL, NULL, 1, '', 1, NULL, NULL, 5, 1, NULL, '2025-12-02 13:33:26', NULL, '2025-12-02 13:33:26'),
(537, 'Aparna Gupta', '', '+919958744377', NULL, NULL, NULL, 'F', NULL, NULL, NULL, NULL, NULL, NULL, NULL, NULL, NULL, 10, NULL, NULL, 2, '', 1, NULL, NULL, 2, 1, NULL, '2025-12-02 13:33:26', NULL, '2025-12-02 13:33:26'),
(538, 'Prajna Paul', '', '+919620550333', NULL, NULL, NULL, 'F', NULL, NULL, NULL, NULL, NULL, NULL, NULL, NULL, NULL, NULL, NULL, 2, 3, '', 1, NULL, NULL, 2, 1, NULL, '2025-12-02 13:33:26', NULL, '2025-12-02 13:33:26'),
(539, 'Pradeep Kumar Agrawal', '', '+917906478297', NULL, NULL, NULL, 'M', NULL, NULL, NULL, NULL, NULL, NULL, NULL, NULL, NULL, NULL, NULL, 1, 2, '', 1, NULL, NULL, 2, 1, NULL, '2025-12-02 13:33:26', NULL, '2025-12-02 13:33:26'),
(540, 'Riya', '', '+919123822710', NULL, NULL, NULL, 'F', NULL, NULL, NULL, NULL, NULL, NULL, NULL, NULL, NULL, 63, NULL, NULL, 1, '', 1, NULL, NULL, 11, 1, NULL, '2025-12-02 13:33:26', NULL, '2025-12-02 13:33:26'),
(675, 'Anandhi sathyamurthy', '', NULL, NULL, NULL, NULL, 'M', NULL, NULL, NULL, NULL, NULL, NULL, NULL, NULL, NULL, NULL, NULL, 1, 3, '', 1, NULL, NULL, 2, 1, NULL, '2025-12-12 10:30:02', NULL, '2025-12-12 10:30:02'),
(676, 'Jyotsna Badami', 'rajani.badami15@gmail.com', NULL, NULL, NULL, NULL, 'F', NULL, NULL, NULL, NULL, NULL, NULL, NULL, NULL, NULL, NULL, NULL, 1, 2, '', 1, NULL, NULL, 3, 1, NULL, '2025-12-12 10:30:02', NULL, '2025-12-12 10:30:02'),
(677, 'Radha Krishnan', '', NULL, NULL, NULL, NULL, 'M', NULL, NULL, NULL, NULL, NULL, NULL, NULL, NULL, NULL, 38, NULL, 1, 2, '', 1, NULL, NULL, 2, 1, NULL, '2025-12-12 10:30:02', NULL, '2025-12-12 10:30:02'),
(678, 'Nivedita', '', NULL, NULL, NULL, NULL, 'F', NULL, NULL, NULL, NULL, NULL, NULL, NULL, NULL, NULL, NULL, NULL, 1, 2, '', 1, NULL, NULL, 2, 1, NULL, '2025-12-12 10:30:02', NULL, '2025-12-12 10:30:02'),
(679, 'Shri Krishna', '', NULL, NULL, NULL, NULL, 'M', NULL, NULL, NULL, NULL, NULL, NULL, NULL, NULL, NULL, NULL, NULL, 2, 3, '', 1, NULL, NULL, 3, 1, NULL, '2025-12-12 10:30:02', NULL, '2025-12-12 10:30:02'),
(680, 'Renu Singh', '', NULL, NULL, NULL, NULL, 'F', NULL, NULL, NULL, NULL, NULL, NULL, NULL, NULL, NULL, NULL, NULL, 1, 2, '', 1, NULL, NULL, 2, 1, NULL, '2025-12-12 10:30:02', NULL, '2025-12-12 10:30:02'),
(681, 'Tasmai Srisai Bobbadi', '', NULL, NULL, NULL, NULL, 'M', NULL, NULL, NULL, NULL, NULL, NULL, NULL, NULL, NULL, NULL, NULL, 2, 3, '', 1, NULL, NULL, 2, 1, NULL, '2025-12-12 10:30:02', NULL, '2025-12-12 10:30:02'),
(682, 'Surekha', '', NULL, NULL, NULL, NULL, 'F', NULL, NULL, NULL, NULL, NULL, NULL, NULL, NULL, NULL, NULL, NULL, 1, 2, '', 1, NULL, NULL, 3, 1, NULL, '2025-12-12 10:30:02', NULL, '2025-12-12 10:30:02'),
(683, 'Vani (Ravi''s Wife)', '', NULL, NULL, NULL, NULL, 'F', NULL, NULL, NULL, NULL, NULL, NULL, NULL, NULL, NULL, NULL, NULL, 1, 2, '', 1, NULL, NULL, 2, 1, NULL, '2025-12-12 10:30:02', NULL, '2025-12-12 10:30:02'),
(684, 'Vedha M Palla', '', NULL, NULL, NULL, NULL, 'F', NULL, NULL, NULL, NULL, NULL, NULL, NULL, NULL, NULL, NULL, NULL, 1, 2, '', 1, NULL, NULL, 2, 1, NULL, '2025-12-12 10:30:02', NULL, '2025-12-12 10:30:02'),
(685, 'Nithya Ranjan', '', NULL, NULL, NULL, NULL, 'F', NULL, NULL, NULL, NULL, NULL, NULL, NULL, NULL, NULL, NULL, NULL, 1, 2, '', 1, NULL, NULL, 2, 1, NULL, '2025-12-12 10:30:02', NULL, '2025-12-12 10:30:02'),
(686, 'Ayushman Saxena', '', NULL, NULL, NULL, NULL, 'M', NULL, NULL, NULL, NULL, NULL, NULL, NULL, NULL, NULL, NULL, NULL, 1, 2, '', 1, NULL, NULL, 7, 1, NULL, '2025-12-12 10:30:02', NULL, '2025-12-12 10:30:02'),
(687, 'Nisha Singh', '', NULL, NULL, NULL, NULL, 'F', NULL, NULL, NULL, NULL, NULL, NULL, NULL, NULL, NULL, NULL, NULL, 1, 2, '', 1, NULL, NULL, 2, 1, NULL, '2025-12-12 10:30:02', NULL, '2025-12-12 10:30:02'),
(688, 'Ruchita Ghantoji', '', NULL, NULL, NULL, NULL, 'F', NULL, NULL, NULL, NULL, NULL, NULL, NULL, NULL, NULL, NULL, NULL, 1, 2, '', 1, NULL, NULL, 3, 1, NULL, '2025-12-12 10:30:02', NULL, '2025-12-12 10:30:02'),
(689, 'Madhuri Bharatia', '', NULL, NULL, NULL, NULL, 'F', NULL, NULL, NULL, NULL, NULL, NULL, NULL, NULL, NULL, NULL, NULL, 1, 2, '', 1, NULL, NULL, 7, 1, NULL, '2025-12-12 10:30:02', NULL, '2025-12-12 10:30:02'),
(690, 'Sasishnu Vardhan', '', NULL, NULL, NULL, NULL, 'M', NULL, NULL, NULL, NULL, NULL, NULL, NULL, NULL, NULL, NULL, NULL, 1, 2, '', 1, NULL, NULL, 3, 1, NULL, '2025-12-12 10:30:02', NULL, '2025-12-12 10:30:02'),
(691, 'Vidhishnu Vardhan', '', NULL, NULL, NULL, NULL, 'M', NULL, NULL, NULL, NULL, NULL, NULL, NULL, NULL, NULL, NULL, NULL, 1, 2, '', 1, NULL, NULL, 3, 1, NULL, '2025-12-12 10:30:02', NULL, '2025-12-12 10:30:02'),
(692, 'Rajeev PPL (His Wife)', '', NULL, NULL, NULL, NULL, 'F', NULL, NULL, NULL, NULL, NULL, NULL, NULL, NULL, NULL, NULL, NULL, 1, 2, '', 1, NULL, NULL, 2, 1, NULL, '2025-12-12 10:30:02', NULL, '2025-12-12 10:30:02'),
(693, 'Rajeev PPL (Daughter )', '', NULL, NULL, NULL, NULL, 'F', NULL, NULL, NULL, NULL, NULL, NULL, NULL, NULL, NULL, NULL, NULL, 1, 2, '', 1, NULL, NULL, 2, 1, NULL, '2025-12-12 10:30:02', NULL, '2025-12-12 10:30:02'),
(694, 'Rajeev PPL (Son)', '', NULL, NULL, NULL, NULL, 'M', NULL, NULL, NULL, NULL, NULL, NULL, NULL, NULL, NULL, NULL, NULL, 1, 2, '', 1, NULL, NULL, 2, 1, NULL, '2025-12-12 10:30:02', NULL, '2025-12-12 10:30:02'),
(695, 'Saanvi Arun Dutt', 'sandhyadutt@rediffmail.com', NULL, NULL, NULL, NULL, 'F', NULL, NULL, NULL, NULL, NULL, NULL, NULL, NULL, NULL, NULL, NULL, 1, 2, '', 1, NULL, NULL, 3, 1, NULL, '2025-12-12 10:30:02', NULL, '2025-12-12 10:30:02'),
(696, 'Varsha Arun Dutt', 'sandhyadutt@rediffmail.com', NULL, NULL, NULL, NULL, 'F', NULL, NULL, NULL, NULL, NULL, NULL, NULL, NULL, NULL, NULL, NULL, 1, 2, '', 1, NULL, NULL, 4, 1, NULL, '2025-12-12 10:30:02', NULL, '2025-12-12 10:30:02'),
(697, 'Abhirami', '', NULL, NULL, NULL, NULL, 'F', NULL, NULL, NULL, NULL, NULL, NULL, NULL, NULL, NULL, NULL, NULL, 1, 2, '', 1, NULL, NULL, 2, 1, NULL, '2025-12-12 10:30:02', NULL, '2025-12-12 10:30:02'),
(698, 'Dr. Yogesh Pitva', '', NULL, NULL, NULL, NULL, 'M', NULL, NULL, NULL, NULL, NULL, NULL, NULL, NULL, NULL, 31, NULL, 1, 2, '', 1, NULL, NULL, 2, 1, NULL, '2025-12-12 10:30:02', NULL, '2025-12-12 10:30:02'),
(699, 'Vasuki', '', NULL, NULL, NULL, NULL, 'F', NULL, NULL, NULL, NULL, NULL, NULL, NULL, NULL, NULL, NULL, NULL, 1, 2, '', 1, NULL, NULL, 2, 1, NULL, '2025-12-12 10:30:02', NULL, '2025-12-12 10:30:02'),
(700, 'Rachit', '', NULL, NULL, NULL, NULL, 'F', NULL, NULL, NULL, NULL, NULL, NULL, NULL, NULL, NULL, NULL, NULL, NULL, 1, '', 1, NULL, NULL, 2, 1, NULL, '2025-12-12 10:30:02', NULL, '2025-12-12 10:30:02'),
(701, 'Anagha Sree', '', NULL, NULL, NULL, NULL, 'F', NULL, NULL, NULL, NULL, NULL, NULL, NULL, NULL, NULL, NULL, NULL, 1, 2, '', 1, NULL, NULL, 7, 1, NULL, '2025-12-12 10:30:02', NULL, '2025-12-12 10:30:02'),
(702, 'Rutvika', '', NULL, NULL, NULL, NULL, 'F', NULL, NULL, NULL, NULL, NULL, NULL, NULL, NULL, NULL, NULL, NULL, 1, 2, '', 1, NULL, NULL, 7, 1, NULL, '2025-12-12 10:30:02', NULL, '2025-12-12 10:30:02'),
(703, 'Suvarna Souvik Ghosh', '', NULL, NULL, NULL, NULL, 'F', NULL, NULL, NULL, NULL, NULL, NULL, NULL, NULL, NULL, NULL, NULL, 2, 3, '', 1, NULL, NULL, 2, 1, NULL, '2025-12-12 10:30:02', NULL, '2025-12-12 10:30:02'),
(704, 'Deepshikha Sriram', '', NULL, NULL, NULL, NULL, 'F', NULL, NULL, NULL, NULL, NULL, NULL, NULL, NULL, NULL, NULL, NULL, 2, 3, '', 1, NULL, NULL, 2, 1, NULL, '2025-12-12 10:30:02', NULL, '2025-12-12 10:30:02'),
(705, 'Akshari Patil', '', NULL, NULL, NULL, NULL, 'F', NULL, NULL, NULL, NULL, NULL, NULL, NULL, NULL, NULL, NULL, NULL, 1, 2, '', 1, NULL, NULL, 2, 1, NULL, '2025-12-12 10:30:02', NULL, '2025-12-12 10:30:02'),
(706, 'Sivaraman V', 'sivadxb@gmail.com', NULL, NULL, NULL, NULL, 'M', NULL, NULL, NULL, NULL, NULL, NULL, NULL, NULL, NULL, NULL, NULL, 2, 3, '', 1, NULL, NULL, 10, 1, NULL, '2025-12-12 10:30:02', NULL, '2025-12-12 10:30:02'),
(707, 'Sara Sharma', '', NULL, NULL, NULL, NULL, 'F', NULL, NULL, NULL, NULL, NULL, NULL, NULL, NULL, NULL, NULL, NULL, 1, 2, '', 1, NULL, NULL, 2, 1, NULL, '2025-12-12 10:30:02', NULL, '2025-12-12 10:30:02'),
(708, 'Sangeeta Sahu', '', NULL, NULL, NULL, NULL, 'F', NULL, NULL, NULL, NULL, NULL, NULL, NULL, NULL, NULL, NULL, NULL, 1, 2, '', 1, NULL, NULL, 5, 1, NULL, '2025-12-12 10:30:02', NULL, '2025-12-12 10:30:02'),
(709, 'Manjari Chaturvedi', '', NULL, NULL, NULL, NULL, 'F', NULL, NULL, NULL, NULL, NULL, NULL, NULL, NULL, NULL, NULL, NULL, 2, 3, '', 1, NULL, NULL, 2, 1, NULL, '2025-12-12 10:30:02', NULL, '2025-12-12 10:30:02'),
(710, 'Bharati Goplani', '', NULL, NULL, NULL, NULL, 'M', NULL, NULL, NULL, NULL, NULL, NULL, NULL, NULL, NULL, NULL, NULL, 1, 2, '', 1, NULL, NULL, 5, 1, NULL, '2025-12-12 10:30:02', NULL, '2025-12-12 10:30:02'),
(711, 'Udayasree', '', NULL, NULL, NULL, NULL, 'F', NULL, NULL, NULL, NULL, NULL, NULL, NULL, NULL, NULL, NULL, NULL, 1, 2, '', 1, NULL, NULL, 5, 1, NULL, '2025-12-12 10:30:02', NULL, '2025-12-12 10:30:02'),
(712, 'Hari Subhadra Surya Mani', '', NULL, NULL, NULL, NULL, 'F', NULL, NULL, NULL, NULL, NULL, NULL, NULL, NULL, NULL, 28, NULL, 1, 2, '', 1, NULL, NULL, 2, 1, NULL, '2025-12-12 10:30:02', NULL, '2025-12-12 10:30:02'),
(713, 'Ravi Narsimha (His Wife)', 'kansal.gaurav@gmail.com', NULL, NULL, NULL, NULL, 'F', NULL, NULL, NULL, NULL, NULL, NULL, NULL, NULL, NULL, 72, NULL, 1, 2, '', 1, NULL, NULL, 2, 1, NULL, '2025-12-12 10:30:02', NULL, '2025-12-12 10:30:02'),
(714, 'Raghunath C R', '', NULL, NULL, NULL, NULL, 'M', NULL, NULL, NULL, NULL, NULL, NULL, NULL, NULL, NULL, NULL, NULL, 1, 2, '', 1, NULL, NULL, 2, 1, NULL, '2025-12-12 10:30:02', NULL, '2025-12-12 10:30:02'),
(715, 'Sridevi Raju', '', NULL, NULL, NULL, NULL, 'F', NULL, NULL, NULL, NULL, NULL, NULL, NULL, NULL, NULL, 27, NULL, NULL, NULL, '', 1, NULL, NULL, 5, 1, NULL, '2025-12-12 10:30:02', NULL, '2025-12-12 10:30:02'),
(716, 'Riddhi', '', NULL, NULL, NULL, NULL, 'F', NULL, NULL, NULL, NULL, NULL, NULL, NULL, NULL, NULL, 27, NULL, 1, 2, '', 1, NULL, NULL, 5, 1, NULL, '2025-12-12 10:30:02', NULL, '2025-12-12 10:30:02'),
(717, 'Shailaja Dutt', '', NULL, NULL, NULL, NULL, 'F', NULL, NULL, NULL, NULL, NULL, NULL, NULL, NULL, NULL, NULL, NULL, 1, 2, '', 1, NULL, NULL, 9, 1, NULL, '2025-12-12 10:30:02', NULL, '2025-12-12 10:30:02'),
(718, 'Adithi', '', NULL, NULL, NULL, NULL, 'F', NULL, NULL, NULL, NULL, NULL, NULL, NULL, NULL, NULL, NULL, NULL, NULL, 1, '', 1, NULL, NULL, 2, 1, NULL, '2025-12-12 10:30:02', NULL, '2025-12-12 10:30:02'),
(719, 'Vaishnavi', 'sanskruti.a@gmail.com', NULL, NULL, NULL, NULL, 'F', NULL, NULL, NULL, NULL, NULL, NULL, NULL, NULL, NULL, NULL, NULL, NULL, 1, '', 1, NULL, NULL, 2, 1, NULL, '2025-12-12 10:30:02', NULL, '2025-12-12 10:30:02'),
(720, 'Vidya, Vinod', '', NULL, NULL, NULL, NULL, 'F', NULL, NULL, NULL, NULL, NULL, NULL, NULL, NULL, NULL, NULL, NULL, 2, 3, '', 1, NULL, NULL, 2, 1, NULL, '2025-12-12 10:30:02', NULL, '2025-12-12 10:30:02'),
(721, 'Vagbhavi', '', NULL, NULL, NULL, NULL, 'F', NULL, NULL, NULL, NULL, NULL, NULL, NULL, NULL, NULL, NULL, NULL, 1, 2, '', 1, NULL, NULL, 11, 1, NULL, '2025-12-12 10:30:02', NULL, '2025-12-12 10:30:02'),
(722, 'Saukshmya Rajvasan', '', NULL, NULL, NULL, NULL, 'F', NULL, NULL, NULL, NULL, NULL, NULL, NULL, NULL, NULL, NULL, NULL, 1, 2, '', 1, NULL, NULL, 7, 1, NULL, '2025-12-12 10:30:02', NULL, '2025-12-12 10:30:02'),
(723, 'Chaarvi Arvind', '', NULL, NULL, NULL, NULL, 'F', NULL, NULL, NULL, NULL, NULL, NULL, NULL, NULL, NULL, NULL, NULL, 2, 3, '', 1, NULL, NULL, 2, 1, NULL, '2025-12-12 10:30:02', NULL, '2025-12-12 10:30:02'),
(724, 'Gauri A Chandrashekar', '', NULL, NULL, NULL, NULL, 'F', NULL, NULL, NULL, NULL, NULL, NULL, NULL, NULL, NULL, NULL, NULL, 2, 3, '', 1, NULL, NULL, 2, 1, NULL, '2025-12-12 10:30:02', NULL, '2025-12-12 10:30:02'),
(725, 'Ashwini Kumar Dash', 'happiestarchita@gmail.com', NULL, NULL, NULL, NULL, 'M', NULL, NULL, NULL, NULL, NULL, NULL, NULL, NULL, NULL, NULL, NULL, 1, 2, '', 1, NULL, NULL, 7, 1, NULL, '2025-12-12 10:30:02', NULL, '2025-12-12 10:30:02'),
(726, 'Manju Shree Satapaty', 'shantitanjan.dash@gmail.com', NULL, NULL, NULL, NULL, 'F', NULL, NULL, NULL, NULL, NULL, NULL, NULL, NULL, NULL, NULL, NULL, 1, 2, '', 1, NULL, NULL, 7, 1, NULL, '2025-12-12 10:30:02', NULL, '2025-12-12 10:30:02'),
(727, 'Vishwanath Kamath', '', NULL, NULL, NULL, NULL, 'M', NULL, NULL, NULL, NULL, NULL, NULL, NULL, NULL, NULL, NULL, NULL, 3, 4, '', 1, NULL, NULL, 5, 1, NULL, '2025-12-12 10:30:02', NULL, '2025-12-12 10:30:02'),
(728, 'Suma Nayak', '', NULL, NULL, NULL, NULL, 'F', NULL, NULL, NULL, NULL, NULL, NULL, NULL, NULL, NULL, NULL, NULL, 3, 4, '', 1, NULL, NULL, 5, 1, NULL, '2025-12-12 10:30:02', NULL, '2025-12-12 10:30:02'),
(729, 'Vandana R Nayak', '', NULL, NULL, NULL, NULL, 'F', NULL, NULL, NULL, NULL, NULL, NULL, NULL, NULL, NULL, NULL, NULL, NULL, NULL, '', 1, NULL, NULL, 5, 1, NULL, '2025-12-12 10:30:02', NULL, '2025-12-12 10:30:02'),
(730, 'Aaditya R Nayak', '', NULL, NULL, NULL, NULL, 'M', NULL, NULL, NULL, NULL, NULL, NULL, NULL, NULL, NULL, NULL, NULL, NULL, NULL, '', 1, NULL, NULL, 5, 1, NULL, '2025-12-12 10:30:02', NULL, '2025-12-12 10:30:02'),
(731, 'Keshav Maheshwari', '', NULL, NULL, NULL, NULL, 'M', NULL, NULL, NULL, NULL, NULL, NULL, NULL, NULL, NULL, NULL, NULL, 1, 2, '', 1, NULL, NULL, 2, 1, NULL, '2025-12-12 10:30:02', NULL, '2025-12-12 10:30:02'),
(732, 'Keerti Sri', '', NULL, NULL, NULL, NULL, 'F', NULL, NULL, NULL, NULL, NULL, NULL, NULL, NULL, NULL, 27, NULL, 1, 2, '', 1, NULL, NULL, 5, 1, NULL, '2025-12-12 10:30:02', NULL, '2025-12-12 10:30:02'),
(733, 'Padma A', '', NULL, NULL, NULL, NULL, 'F', NULL, NULL, NULL, NULL, NULL, NULL, NULL, NULL, NULL, 27, NULL, 1, 2, '', 1, NULL, NULL, 5, 1, NULL, '2025-12-12 10:30:02', NULL, '2025-12-12 10:30:02'),
(734, 'Geetha Lakshmi', '', NULL, NULL, NULL, NULL, 'F', NULL, NULL, NULL, NULL, NULL, NULL, NULL, NULL, NULL, 27, NULL, NULL, NULL, '', 1, NULL, NULL, 5, 1, NULL, '2025-12-12 10:30:02', NULL, '2025-12-12 10:30:02'),
(735, 'Veena Vyas', '', NULL, NULL, NULL, NULL, 'F', NULL, NULL, NULL, NULL, NULL, NULL, NULL, NULL, NULL, NULL, NULL, 2, 3, '', 1, NULL, NULL, 5, 1, NULL, '2025-12-12 10:30:02', NULL, '2025-12-12 10:30:02'),
(736, 'Gayathri', '', NULL, NULL, NULL, NULL, 'F', NULL, NULL, NULL, NULL, NULL, NULL, NULL, NULL, NULL, 27, NULL, 1, 2, '', 1, NULL, NULL, 5, 1, NULL, '2025-12-12 10:30:02', NULL, '2025-12-12 10:30:02'),
(737, 'Anirudh', 'ashjan80@rediffmail.com', NULL, NULL, NULL, NULL, 'M', NULL, NULL, NULL, NULL, NULL, NULL, NULL, NULL, NULL, NULL, NULL, 1, 2, '', 1, NULL, NULL, 3, 1, NULL, '2025-12-12 10:30:02', NULL, '2025-12-12 10:30:02'),
(738, 'Nakul Khurana', '', NULL, NULL, NULL, NULL, 'M', NULL, NULL, NULL, NULL, NULL, NULL, NULL, NULL, NULL, 29, NULL, 1, 2, '', 1, NULL, NULL, 8, 1, NULL, '2025-12-12 10:30:02', NULL, '2025-12-12 10:30:02'),
(739, 'Pratyaksh', '', NULL, NULL, NULL, NULL, 'M', NULL, NULL, NULL, NULL, NULL, NULL, NULL, NULL, NULL, 2, NULL, 1, 2, '', 1, NULL, NULL, 7, 1, NULL, '2025-12-12 10:30:02', NULL, '2025-12-12 10:30:02'),
(740, 'Chandrakala Pattar', '', NULL, NULL, NULL, NULL, 'F', NULL, NULL, NULL, NULL, NULL, NULL, NULL, NULL, NULL, NULL, NULL, NULL, 1, '', 1, NULL, NULL, 5, 1, NULL, '2025-12-12 10:30:02', NULL, '2025-12-12 10:30:02'),
(741, 'Srinivasan', '', NULL, NULL, NULL, NULL, 'M', NULL, NULL, NULL, NULL, NULL, NULL, NULL, NULL, NULL, NULL, NULL, NULL, 1, '', 1, NULL, NULL, 11, 1, NULL, '2025-12-12 10:30:02', NULL, '2025-12-12 10:30:02');
